"WhdloadSlaveFlags";"WhdloadReadmeAppliesTo";"WhdloadSlaveCopy";"RunType";"WhdloadSlaveExecInstall";"WhdloadSlaveName";"EntryName";"EntrySize";"RunFile";"WhdloadSlaveExpMem";"RunDir";"WhdloadSlaveBaseMemSize";"FilteredName";"FilteredHardware";"FilteredLanguage";"FilteredMemory";"FilteredDemo";"FilteredOther";"FilteredCompilation"
"NoError, Req68020, ReqAGA, EmulPriv, ClearMem, Examine";"1869 ? 1993 Max Design";"1993 Max Design";"whdload";"0";"1869 AGA";"1869AGA";"2766586";"0-9\1869AGA\1869AGA.Slave";"1572864";"0-9\1869AGA";"1048576";"1869";"AGA";"";"";"";"";""
"NoError, Req68020, ReqAGA, EmulPriv, ClearMem, Examine";"1869 ? 1993 Max Design";"1993 Max Design";"whdload";"0";"1869 AGA";"1869AGADe";"2768617";"0-9\1869AGADe\1869AGADe.Slave";"1572864";"0-9\1869AGADe";"1048576";"1869";"AGA";"De";"";"";"";""
"NoError, ClearMem";"Ace Ball ? 1995 Tim Soft";"1995 Tim Soft";"whdload";"0";"Ace Ball (AGA)";"AceBallAGAPl";"1144053";"A\AceBallAGAPl\AceBallAGAPl.Slave";"151552";"A\AceBallAGAPl";"925696";"AceBall";"AGA";"Pl";"";"";"";""
"Disk, NoError, EmulTrap, ReqAGA, ClearMem";"A.C.SYS ? 1998 Joerg Belger/Unique.";"2000 Unique";"whdload";"0";"ACSYS";"ACSYSDemoAGA";"1969139";"A\ACSYSDemoAGA\ACSYSDemoAGA.slave";"1048576";"A\ACSYSDemoAGA";"2097152";"ACSYS";"AGA";"";"";"Demo";"";""
"NoError, Req68020, ReqAGA, ClearMem";"Aladdin (c) 1994 Virgin.";"1994 Virgin";"whdload";"0";"Aladdin";"AladdinAGA";"2001211";"A\AladdinAGA\AladdinAGA.Slave";"4096";"A\AladdinAGA";"2048000";"Aladdin";"AGA";"";"";"";"";""
"NoError";"Alfabet Smierci.AGA ? 1996 Arte";"1996 Arte";"whdload";"0";"Alfabet Smierci AGA";"AlfabetSmierciAGAPl";"3631575";"A\AlfabetSmierciAGAPl\AlfabetSmierciAGAPl.Slave";"0";"A\AlfabetSmierciAGAPl";"2097152";"AlfabetSmierci";"AGA";"Pl";"";"";"";""
"NoError, ReqAGA, EmulPriv, Examine";"Alfred Chicken AGA/CD32 ? 1993 Mindscape.";"1993 Mindscape";"whdload";"0";"Alfred Chicken AGA/CD32";"AlfredChickenCD32";"1282927";"A\AlfredChickenCD32\AlfredChickenCD32.slave";"524288";"A\AlfredChickenCD32";"1572864";"AlfredChicken";"CD32";"";"";"";"";""
"NoError, ReqAGA, EmulPriv, Examine";"Alfred Chicken AGA/CD32 ? 1993 Mindscape.";"1993 Mindscape";"whdload";"0";"Alfred Chicken AGA/CD32";"AlfredChickenAGA";"1261115";"A\AlfredChickenAGA\AlfredChickenAGA.slave";"524288";"A\AlfredChickenAGA";"1572864";"AlfredChicken";"AGA";"";"";"";"";""
"NoError, EmulTrap, ReqAGA, NoKbd, ClearMem";"Alien Breed 2 - The Horror Continues ? 1993 Team 17.";"1993 Team 17";"whdload";"0";"Alien Breed 2 AGA";"AlienBreed2AGA";"2973560";"A\AlienBreed2AGA\AlienBreed2AGA.slave";"1048576";"A\AlienBreed2AGA";"1048576";"AlienBreed2";"AGA";"";"";"";"";""
"NoError, Req68020, ReqAGA";"Alien Breed 3D ? 1995 Team 17";"1995 Team 17";"whdload";"0";"Alien Breed 3D";"AlienBreed3DCD32";"1671740";"A\AlienBreed3DCD32\AlienBreed3DCD32.Slave";"1409024";"A\AlienBreed3DCD32";"589824";"AlienBreed3D";"CD32";"";"";"";"";""
"NoError, Req68020, ReqAGA";"Alien Breed 3D ? 1995 Team 17";"1995 Team 17";"whdload";"0";"Alien Breed 3D";"AlienBreed3DAGA";"1667387";"A\AlienBreed3DAGA\AlienBreed3DAGA.Slave";"1409024";"A\AlienBreed3DAGA";"589824";"AlienBreed3D";"AGA";"";"";"";"";""
"NoError, Req68020, ReqAGA";"Alien Breed 3D ? 1995 Team 17";"1995 Team 17";"whdload";"0";"Alien Breed 3D (no music)";"AlienBreed3DNoMusicCD32";"1562193";"A\AlienBreed3DNoMusicCD32\AlienBreed3DNoMusicCD32.Slave";"1409024";"A\AlienBreed3DNoMusicCD32";"438272";"AlienBreed3D";"CD32";"";"";"";"NoMusic";""
"NoError, Req68020, ReqAGA";"Alien Breed 3D ? 1995 Team 17";"1995 Team 17";"whdload";"0";"Alien Breed 3D (no music)";"AlienBreed3DNoMusicAGA";"1557892";"A\AlienBreed3DNoMusicAGA\AlienBreed3DNoMusicAGA.slave";"1409024";"A\AlienBreed3DNoMusicAGA";"438272";"AlienBreed3D";"AGA";"";"";"";"NoMusic";""
"NoError, EmulTrap, Req68020, ReqAGA, ClearMem";"Alien Breed 3D demo ? 1995 Team 17";"1995 Team 17";"whdload";"0";"Alien Breed 3D demo/rolling";"AlienBreed3DDemoPlayAGA";"1184823";"A\AlienBreed3DDemoPlayAGA\AlienBreed3DDemoPlayAGA.Slave";"1167360";"A\AlienBreed3DDemoPlayAGA";"999424";"AlienBreed3D";"AGA";"";"";"DemoPlay";"";""
"NoError, EmulTrap, Req68020, ReqAGA, ClearMem";"Alien Breed 3D demo ? 1995 Team 17";"1995 Team 17";"whdload";"0";"Alien Breed 3D demo/rolling";"AlienBreed3DDemoRollAGA";"1012153";"A\AlienBreed3DDemoRollAGA\AlienBreed3DDemoRollAGA.Slave";"1167360";"A\AlienBreed3DDemoRollAGA";"999424";"AlienBreed3D";"AGA";"";"";"DemoRoll";"";""
"NoError, Req68020, ReqAGA, ClearMem";"Alien Breed 3D demo ? 1995 Team 17";"1995 Team 17";"whdload";"0";"Alien Breed 3D demo (files)";"AlienBreed3DDemoLatestAGA";"1311156";"A\AlienBreed3DDemoLatestAGA\AlienBreed3DDemoLatest.Slave";"1409024";"A\AlienBreed3DDemoLatestAGA";"438272";"AlienBreed3D";"AGA";"";"";"DemoLatest";"";""
"NoError, EmulTrap, Req68020, ReqAGA, ClearMem";"Alien Breed 3D II: The Killing Grounds ? 1996 Team 17";"1996 Team 17";"whdload";"0";"Alien Breed 3D II: The Killing Grounds";"AlienBreed3D2AGA";"2586164";"A\AlienBreed3D2AGA\AlienBreed3D2AGA.slave";"2490368";"A\AlienBreed3D2AGA";"905216";"AlienBreed3D2";"AGA";"";"";"";"";""
"NoError, ClearMem";"Alien Breed Tower Assault ? 1994 Team 17";"1994 Team 17";"whdload";"0";"Alien Breed Tower Assault";"AlienBreedTACD32";"2194127";"A\AlienBreedTACD32\AlienBreedTACD32.slave";"544768";"A\AlienBreedTACD32";"1048576";"AlienBreedTA";"CD32";"";"";"";"";""
"NoError, ClearMem";"Alien Breed Tower Assault ? 1994 Team 17";"1994 Team 17";"whdload";"0";"Alien Breed Tower Assault";"AlienBreedTAAGA";"2965918";"A\AlienBreedTAAGA\AlienBreedTAAGA.slave";"544768";"A\AlienBreedTAAGA";"1048576";"AlienBreedTA";"AGA";"";"";"";"";""
"NoError, ClearMem";"Alien Breed Tower Assault ? 1994 Team 17";"1994 Team 17";"whdload";"0";"Alien Breed Tower Assault";"AlienBreedTA11AGA";"2965940";"A\AlienBreedTA11AGA\AlienBreedTA11AGA.slave";"544768";"A\AlienBreedTA11AGA";"1048576";"AlienBreedTA11";"AGA";"";"";"";"";""
"NoError, ReqAGA, EmulPriv, Examine";"All New World of Lemmings ? 1994 DMA Design / Psygnosis";"1994 DMA Design / Psygnosis";"whdload";"0";"All New World of Lemmings";"AllNewWorldOfLemmingsAGA";"2752608";"A\AllNewWorldOfLemmingsAGA\AllNewWorldOfLemmingsAGA.slave";"1048576";"A\AllNewWorldOfLemmingsAGA";"2093056";"AllNewWorldOfLemmings";"AGA";"";"";"";"";""
"NoError, Req68020, EmulPriv, Examine";"Arabian Nights ECS/CD32 ? 1993 Krisalis";"1993 Krisalis.";"whdload";"0";"Arabian Nights CD32";"ArabianNightsCD32";"1575281";"A\ArabianNightsCD32\ArabianNightsCD32.Slave";"1048576";"A\ArabianNightsCD32";"1048576";"ArabianNights";"CD32";"";"";"";"";""
"NoError, Req68020, EmulPriv, ClearMem, Examine";"Arcade Pool ? 1994 Team 17.";"1994 Team 17";"whdload";"0";"Arcade Pool CD³²";"ArcadePoolCD32";"1194432";"A\ArcadePoolCD32\ArcadePoolCD32.slave";"786432";"A\ArcadePoolCD32";"2093056";"ArcadePool";"CD32";"";"";"";"";""
"NoError, ReqAGA, EmulPriv, ClearMem";"Arcade Pool ? 1994 Team 17.";"1994 Team 17";"whdload";"0";"Arcade Pool AGA";"ArcadePoolAGA";"1004565";"A\ArcadePoolAGA\ArcadePoolAGA.Slave";"1310720";"A\ArcadePoolAGA";"2097152";"ArcadePool";"AGA";"";"";"";"";""
"NoError, ReqAGA, ClearMem";"Arcade Snooker ? 1995 Team 17";"1995 Team 17";"whdload";"0";"Arcade Snooker";"ArcadeSnookerAGA";"504837";"A\ArcadeSnookerAGA\ArcadeSnookerAGA.Slave";"327680";"A\ArcadeSnookerAGA";"737280";"ArcadeSnooker";"AGA";"";"";"";"";""
"NoError, Req68020, ReqAGA, NoKbd, EmulPriv, Examine";"Banshee ? 1992 Core Design.";"1992 Core Design";"whdload";"0";"Banshee AGA/CD³²";"BansheeCD32";"2903753";"B\BansheeCD32\BansheeCD32.slave";"1048576";"B\BansheeCD32";"2093056";"Banshee";"CD32";"";"";"";"";""
"NoError, Req68020, ReqAGA, NoKbd, EmulPriv, Examine";"Banshee ? 1992 Core Design.";"1992 Core Design";"whdload";"0";"Banshee AGA/CD³²";"BansheeAGA";"3117873";"B\BansheeAGA\BansheeAGA.slave";"1048576";"B\BansheeAGA";"2093056";"Banshee";"AGA";"";"";"";"";""
"NoError, NoKbd, EmulPriv, Examine";"BaseJumpers ? 1994 Rasputin.";"1994 Rasputin";"whdload";"0";"Base Jumpers CD³²";"BaseJumpersCD32";"2252588";"B\BaseJumpersCD32\BaseJumpersCD32.slave";"1572864";"B\BaseJumpersCD32";"1048576";"BaseJumpers";"CD32";"";"";"";"";""
"NoError, Req68020, EmulPriv, Examine";"Basket Island demo 1 & 2 ? Syndrome";"Syndrome";"whdload";"0";"Basket Island (playable demo)";"BasketIslandDemo2AGA";"1363694";"B\BasketIslandDemo2AGA\BasketIslandDemo2AGA.Slave";"524288";"B\BasketIslandDemo2AGA";"2097152";"BasketIsland";"AGA";"";"";"Demo2";"";""
"NoError, Req68020, EmulPriv, Examine";"Basket Island demo 1 & 2 ? Syndrome";"Syndrome";"whdload";"0";"Basket Island (playable demo)";"BasketIslandDemo1AGA";"1297426";"B\BasketIslandDemo1AGA\BasketIslandDemo1AGA.Slave";"524288";"B\BasketIslandDemo1AGA";"2097152";"BasketIsland";"AGA";"";"";"Demo1";"";""
"NoError, EmulPriv, ClearMem, Examine";"Battle Chess ? 1988 Interplay";"1988-94 Interplay";"whdload";"0";"Battle Chess CDTV/CD32";"BattleChessCD32";"6030784";"B\BattleChessCD32\BattleChessCD32.Slave";"524288";"B\BattleChessCD32";"655360";"BattleChess";"CD32";"";"";"";"";""
"NoError, EmulTrap, ClearMem";"Battle Toads by Mindscape (c) 1992 - 2 disks.";"1992 Mindscape";"whdload";"0";"Battle Toads";"BattletoadsCD32";"1817698";"B\BattletoadsCD32\BattletoadsCD32.slave";"0";"B\BattletoadsCD32";"602112";"Battletoads";"CD32";"";"";"";"";""
"NoError, Req68020, EmulPriv, Examine";"Beneath A Steel Sky ? 1993-1994 Virtual Theatre/Virgin.";"1994 Virtual Theatre/Virgin";"whdload";"0";"Beneath A Steel Sky CD³²";"BeneathAStlSkyCD32";"90472730";"B\BeneathAStlSkyCD32\BeneathAStlSkyCD32.Slave";"1048576";"B\BeneathAStlSkyCD32";"1703936";"BeneathAStlSky";"CD32";"";"";"";"";""
"NoError, Req68020, EmulPriv, Examine";"Beneath A Steel Sky ? 1993-1994 Virtual Theatre/Virgin.";"1994 Virtual Theatre/Virgin";"whdload";"0";"Beneath A Steel Sky CD³²";"BeneathAStlSkyCD32NoVoice";"10886540";"B\BeneathAStlSkyCD32NoVoice\BeneathAStlSkyCD32NoVoice.Slave";"1048576";"B\BeneathAStlSkyCD32NoVoice";"1703936";"BeneathAStlSky";"CD32";"";"";"";"NoVoice";""
"NoError, EmulTrap, EmulPriv, Examine";"Benefactor (Ecs/CD32) ?1994 Psygnosis/Digital illusions.";"1994 Psygnosis/Digital Illusions";"whdload";"0";"Benefactor CD32";"BenefactorCD32";"2418350";"B\BenefactorCD32\BenefactorCD32.Slave";"524288";"B\BenefactorCD32";"1572864";"Benefactor";"CD32";"";"";"";"";""
"NoError, EmulPriv, Examine";"Biing AGA ? 1995 ReLINE.";"1995 ReLINE";"whdload";"0";"Biing AGA";"BiingAGADe";"35473653";"B\BiingAGADe\BiingAGADe.slave";"3670016";"B\BiingAGADe";"2093056";"Biing";"AGA";"De";"";"";"";""
"NoError, EmulTrap, NoKbd, EmulPriv, Examine";"Black Viper ?1996 Neo/LightShock.";"1996 Neo";"whdload";"0";"Black Viper CD32 Intro Loader";"BlackViperCD32";"26089490";"B\BlackViperCD32\IntroCD32.Slave";"524288";"B\BlackViperCD32";"2097152";"BlackViper";"CD32";"";"";"";"";""
"NoError, EmulTrap, NoKbd, EmulPriv, Examine";"Black Viper ?1996 Neo/LightShock.";"1996 Neo";"whdload";"0";"Black Viper CD32 Game Loader";"BlackViperCD32";"26089490";"B\BlackViperCD32\BlackViperCD32.Slave";"524288";"B\BlackViperCD32";"2097152";"BlackViper";"CD32";"";"";"";"";""
"NoError, EmulTrap, NoKbd, EmulPriv, Examine";"Black Viper ?1996 Neo/LightShock.";"1996 Neo";"whdload";"0";"Black Viper AGA Game Loader";"BlackViperAGA";"3579476";"B\BlackViperAGA\BlackViperAGA.Slave";"524288";"B\BlackViperAGA";"2097152";"BlackViper";"AGA";"";"";"";"";""
"NoError, Req68020, EmulPriv, Examine";"Bloodnet (ECS/AGA) ? 1995 Microprose/GameTEK.";"1993 GameTEK/Microprose";"whdload";"0";"Bloodnet AGA";"BloodnetAGA";"8946923";"B\BloodnetAGA\BloodnetAGA.slave";"1572864";"B\BloodnetAGA";"2093056";"Bloodnet";"AGA";"";"";"";"";""
"NoError, EmulTrap, NoKbd, ClearMem";"Body Blows AGA/ECS ? 1993-94 Team 17 - 3 disks.";"1994 Team 17 ";"whdload";"0";"Body Blows AGA";"BodyBlowsAGA";"2983668";"B\BodyBlowsAGA\BodyBlowsAGA.Slave";"0";"B\BodyBlowsAGA";"2097152";"BodyBlows";"AGA";"";"";"";"";""
"NoError, EmulTrap, ReqAGA, ClearMem";"Body Blows Galactic ECS/AGA ? 1993/1994 Team 17.";"1994 Team 17";"whdload";"0";"Body Blows Galactic AGA";"BodyBlowsGalacticAGA";"1984853";"B\BodyBlowsGalacticAGA\BodyBlowsGalacticAGA.Slave";"0";"B\BodyBlowsGalacticAGA";"2093056";"BodyBlowsGalactic";"AGA";"";"";"";"";""
"NoError, Req68020, ReqAGA, EmulPriv, ClearMem, Examine";"BombPac CD32 ?1993 Oliver Wagner";"1993 Oliver Wagner";"whdload";"0";"BombPac CD32";"BombPacCD32AGA";"737991";"B\BombPacCD32AGA\BombPacCD32AGA.Slave";"851968";"B\BombPacCD32AGA";"720896";"BombPac";"AGA,CD32";"";"";"";"";""
"NoError, Req68020, ReqAGA, EmulPriv, ClearMem, Examine";"BombPac CD32 ?1993 Oliver Wagner";"1993 Oliver Wagner";"whdload";"0";"BombPac CD32";"BombPacCD32AGAAminet";"737915";"B\BombPacCD32AGAAminet\BombPacCD32AGAAminet.Slave";"851968";"B\BombPacCD32AGAAminet";"720896";"BombPac";"AGA,CD32";"";"";"";"Aminet";""
"NoError, Req68020, ReqAGA, EmulPriv, ClearMem, Examine";"Breathless ? 1995 Fields of Vision";"1995 Fields of Vision";"whdload";"0";"Breathless";"BreathlessAGA";"2344333";"B\BreathlessAGA\BreathlessAGA.Slave";"1703936";"B\BreathlessAGA";"589824";"Breathless";"AGA";"";"";"";"";""
"NoError, Req68020, ReqAGA, EmulPriv, ClearMem, Examine";"Breathless ? 1995 Fields of Vision";"1995 Fields of Vision";"whdload";"0";"Breathless";"BreathlessAGA060";"2349832";"B\BreathlessAGA060\BreathlessAGA060.Slave";"1703936";"B\BreathlessAGA060";"589824";"Breathless";"AGA";"";"";"";"060";""
"NoError, EmulTrap, ReqAGA, ClearMem";"Brian The Lion by Psygnosis/Reflections (c) 1994 - 3 disks.";"1994 Psygnosis";"whdload";"0";"Brian The Lion AGA";"BrianTheLionAGA";"2735334";"B\BrianTheLionAGA\BrianTheLionAGA.Slave";"0";"B\BrianTheLionAGA";"2097152";"BrianTheLion";"AGA";"";"";"";"";""
"NoError, ReqAGA, EmulPriv, Examine";"Brutal Football ? 1993 Millennium.";"1994 Millennium";"whdload";"0";"Brutal Sports Football CD32";"BrutalFootballCD32";"2602845";"B\BrutalFootballCD32\BrutalFootballCD32.Slave";"524288";"B\BrutalFootballCD32";"2097152";"BrutalFootball";"CD32";"";"";"";"";""
"NoError, ReqAGA, EmulPriv, Examine";"Brutal Football ? 1993 Millennium.";"1993 Millennium";"whdload";"0";"Brutal Sports Football AGA";"BrutalFootballAGA";"2263038";"B\BrutalFootballAGA\BrutalFootballAGA.slave";"524288";"B\BrutalFootballAGA";"2097152";"BrutalFootball";"AGA";"";"";"";"";""
"NoError, EmulTrap";"Brutal Paws of Fury by GameTek (c) 1995 - 2 disks.";"1995 GameTek";"whdload";"0";"Brutal Paws of Fury CD32";"BrutalPawsOfFuryCD32";"1322725";"B\BrutalPawsOfFuryCD32\BrutalPawsOfFuryCD32.slave";"0";"B\BrutalPawsOfFuryCD32";"2097152";"BrutalPawsOfFury";"CD32";"";"";"";"";""
"NoError, EmulPriv, Examine";"Bubba'N'Stix ? 1993 Core Design";"1993 Core Design";"whdload";"0";"Bubba";"BubbaNStixCD32";"2952066";"B\BubbaNStixCD32\BubbaNStixCD32.slave";"1048576";"B\BubbaNStixCD32";"2093056";"BubbaNStix";"CD32";"";"";"";"";""
"NoError, Req68020, EmulPriv, Examine";"Bubble And Squeak ? 1994 Audiogenic";"1994 Audiogenic";"whdload";"0";"Bubble";"Bubble&SqueakCD32";"1619769";"B\Bubble&SqueakCD32\Bubble&SqueakCD32.slave";"1048576";"B\Bubble&SqueakCD32";"1572864";"Bubble&Squeak";"CD32";"";"";"";"";""
"NoError, Req68020, EmulPriv, Examine";"Bubble And Squeak ? 1994 Audiogenic";"1994 Audiogenic";"whdload";"0";"Bubble";"Bubble&SqueakAGA";"1190130";"B\Bubble&SqueakAGA\Bubble&SqueakAGA.slave";"1048576";"B\Bubble&SqueakAGA";"1572864";"Bubble&Squeak";"AGA";"";"";"";"";""
"NoError, EmulTrap, EmulPriv, Examine";"Bump'N Burn ? 1994 GRANDSLAM/SOFTEYES.";"1994 GrandSlam/SolfEyes";"whdload";"0";"Bump";"BumpNBurnCD32";"38540526";"B\BumpNBurnCD32\BumpNBurnCD32.Slave";"524288";"B\BumpNBurnCD32";"2097152";"BumpNBurn";"CD32";"";"";"";"";""
"NoError, EmulTrap, ReqAGA";"Burning Rubber by Ocean (c) 1993 - 4 disks.";"1991 Ocean";"whdload";"0";"Burning Rubber (AGA)";"BurningRubberAGA";"2940073";"B\BurningRubberAGA\BurningRubberAGA.slave";"0";"B\BurningRubberAGA";"2097152";"BurningRubber";"AGA";"";"";"";"";""
"NoError, Req68020, ReqAGA, EmulPriv, Examine";"Burnout by Vulcan (c) 1996 - 7 disks.";"1996 Vulkan Software";"whdload";"0";"Burnout";"BurnoutAGA";"7677444";"B\BurnoutAGA\BurnoutAGA.slave";"4718592";"B\BurnoutAGA";"2097152";"Burnout";"AGA";"";"";"";"";""
"NoError, Req68020, ReqAGA, EmulPriv, ClearMem, Examine";"Burntime ? 1993 Max Design";"1993 Max Design";"whdload";"0";"Burntime AGA";"BurntimeAGA";"3334615";"B\BurntimeAGA\BurntimeAGA.Slave";"1572864";"B\BurntimeAGA";"1048576";"Burntime";"AGA";"";"";"";"";""
"NoError, Req68020, ReqAGA, EmulPriv, ClearMem, Examine";"Burntime ? 1993 Max Design";"1993 Max Design";"whdload";"0";"Burntime AGA";"BurntimeAGADe";"3335099";"B\BurntimeAGADe\BurntimeAGADe.Slave";"1572864";"B\BurntimeAGADe";"1048576";"Burntime";"AGA";"De";"";"";"";""
"NoError";"Cannon Fodder CD?? ? 1993 Sensible Software.";"1993 Sensible Software";"whdload";"0";"Cannon Fodder CD³²";"CannonFodderCD32";"1528830";"C\CannonFodderCD32\CannonFodderCD32.Slave";"45056";"C\CannonFodderCD32";"1048576";"CannonFodder";"CD32";"";"";"";"";""
"NoError, EmulTrap, Req68020, EmulPriv, Examine";"Capital Punishment ?1996 ClickBoom.";"1996 Click Boom";"whdload";"0";"Capital Punishment";"CapitalPunishmentAGA";"14783517";"C\CapitalPunishmentAGA\CapitalPunishmentAGA.Slave";"1572864";"C\CapitalPunishmentAGA";"2097152";"CapitalPunishment";"AGA";"";"";"";"";""
"NoError, EmulTrap, Req68020, EmulPriv, Examine";"Capital Punishment ?1996 ClickBoom.";"1996 Click Boom";"whdload";"0";"Capital Punishment";"CapitalPunishmentAGACD";"14728824";"C\CapitalPunishmentAGACD\CapitalPunishmentAGACD.Slave";"1572864";"C\CapitalPunishmentAGACD";"2097152";"CapitalPunishment";"CD,AGA";"";"";"";"";""
"NoError, Req68020, ReqAGA, EmulPriv, Examine";"Castles ? 1993 Interplay";"1992 Interplay";"whdload";"0";"Castles 2 CD³²";"Castles2CD32";"31688749";"C\Castles2CD32\Castles2CD32.Slave";"1572864";"C\Castles2CD32";"2093056";"Castles2";"CD32";"";"";"";"";""
"NoError, EmulTrap, Req68020, NoKbd, EmulPriv, Examine";"Cedric ? 1996 NEO/ALCATRAZ.";"1996 NEO/Alcatraz";"whdload";"0";"Cedric ";"CedricCD32";"4736299";"C\CedricCD32\CedricCD32.Slave";"524288";"C\CedricCD32";"2097152";"Cedric";"CD32";"";"";"";"";""
"NoError, EmulTrap, Req68020, NoKbd, EmulPriv, Examine";"Cedric ? 1996 NEO/ALCATRAZ.";"1996 NEO/Alcatraz";"whdload";"0";"Cedric ";"CedricCD32Fast";"4736299";"C\CedricCD32Fast\CedricCD32Fast.Slave";"1572864";"C\CedricCD32Fast";"2097152";"Cedric";"CD32";"";"Fast";"";"";""
"NoError, Req68020, EmulPriv, Examine";":";"1994 The Bitmap Brothers";"whdload";"0";"Chaos Engine CD³²";"ChaosEngineCD32";"4318113";"C\ChaosEngineCD32\ChaosEngineCD32.Slave";"1572864";"C\ChaosEngineCD32";"1835008";"ChaosEngine";"CD32";"";"";"";"";""
"NoError, EmulTrap, Req68020, ReqAGA, ClearMem";":";"1992/93 The Bitmap Brothers";"whdload";"0";"The Chaos Engine AGA";"ChaosEngineAGA";"1780021";"C\ChaosEngineAGA\ChaosEngineAGA.Slave";"0";"C\ChaosEngineAGA";"2093056";"ChaosEngine";"AGA";"";"";"";"";""
"NoError";":";"1996 The Bitmap Brothers";"whdload";"0";"The Chaos Engine 2 AGA";"ChaosEngine2AGA";"2724843";"C\ChaosEngine2AGA\ChaosEngine2AGA.slave";"0";"C\ChaosEngine2AGA";"2097152";"ChaosEngine2";"AGA";"";"";"";"";""
"Disk, NoError, NoDivZero, ReqAGA";"Charlie J. Cool by Nevada (c) 1996 - 2 disks.";"1996 Nevada";"whdload";"0";"Charlie J Cool AGA";"CharlieJCoolAGA";"1814153";"C\CharlieJCoolAGA\CharlieJCoolAGA.slave";"0";"C\CharlieJCoolAGA";"2097152";"CharlieJCool";"AGA";"";"";"";"";""
"NoError, ReqAGA, ClearMem, Examine";"Christoph Kolumbus ? 1993 Software 2000";"1994 Black Legend";"whdload";"0";"Christoph Kolombus AGA";"ChristophKolumbusAGADe";"3660821";"C\ChristophKolumbusAGADe\ChristophKolumbusAGADe.slave";"372736";"C\ChristophKolumbusAGADe";"655360";"ChristophKolumbus";"AGA";"De";"";"";"";""
"NoError, ClearMem";"Chuck Rock ? 1991 Core Design";"1991 Core Design";"whdload";"0";"Chuck Rock";"ChuckRockCD32";"1826263";"C\ChuckRockCD32\ChuckRockCD32.Slave";"4096";"C\ChuckRockCD32";"524288";"ChuckRock";"CD32";"";"";"";"";""
"NoError, ClearMem";"Chuck Rock 2 - Son Of Chuck floppy/cd?? ? 1993 Core Design";"1993 Core Design";"whdload";"0";"Chuck Rock 2 - Son Of Chuck";"ChuckRock2CD32";"1826960";"C\ChuckRock2CD32\ChuckRock2CD32.slave";"524288";"C\ChuckRock2CD32";"524288";"ChuckRock2";"CD32";"";"";"";"";""
"NoError, Req68020, ReqAGA, EmulPriv, ClearMem, Examine";"Civilization ? 1992 MicroProse";"1994 MicroProse";"whdload";"0";"Civilization (AGA)";"CivilizationAGA";"2748017";"C\CivilizationAGA\CivilizationAGA.slave";"1048576";"C\CivilizationAGA";"1048576";"Civilization";"AGA";"";"";"";"";""
"NoError, Req68020, ReqAGA, EmulPriv, ClearMem, Examine";"Civilization ? 1992 MicroProse";"1994 MicroProse";"whdload";"0";"Civilization (AGA)";"CivilizationAGACD";"2817500";"C\CivilizationAGACD\CivilizationAGACD.Slave";"1048576";"C\CivilizationAGACD";"1048576";"Civilization";"CD,AGA";"";"";"";"";""
"NoError, Req68020, ReqAGA, EmulPriv, ClearMem, Examine";"Civilization ? 1992 MicroProse";"1994 MicroProse";"whdload";"0";"Civilization (AGA)";"CivilizationAGADe";"3056429";"C\CivilizationAGADe\CivilizationAGADe.Slave";"1048576";"C\CivilizationAGADe";"1048576";"Civilization";"AGA";"De";"";"";"";""
"NoError, ReqAGA, ClearMem, Examine";"Clockwiser ?1994 Rasputin";"1994 Rasputin";"whdload";"0";"Clockwiser AGA";"ClockwiserCD32";"1665934";"C\ClockwiserCD32\ClockwiserCD32.Slave";"720896";"C\ClockwiserCD32";"1441792";"Clockwiser";"CD32";"";"";"";"";""
"NoError, ReqAGA, ClearMem, Examine";"Clockwiser ?1994 Rasputin";"1994 Rasputin";"whdload";"0";"Clockwiser AGA";"ClockwiserAGA";"2099329";"C\ClockwiserAGA\ClockwiserAGA.Slave";"720896";"C\ClockwiserAGA";"1441792";"Clockwiser";"AGA";"";"";"";"";""
"NoError, Req68020, EmulPriv, ClearMem, Examine";"The Clue! ? 1994 Neo";"1994 Neo";"whdload";"0";"The Clue! (AGA)";"ClouDeAGA";"3367100";"C\ClouDeAGA\ClouDeAGA.Slave";"1048576";"C\ClouDeAGA";"983040";"Clou";"AGA";"De";"";"";"";""
"NoError, Req68020, EmulPriv, ClearMem, Examine";"The Clue! ? 1994 Neo";"1994 Neo";"whdload";"0";"The Clue! (AGA)";"ClouDeAGA&Profidisk";"4278174";"C\ClouDeAGA&Profidisk\ClouDeAGA&Profidisk.Slave";"1048576";"C\ClouDeAGA&Profidisk";"983040";"Clou";"AGA";"De";"";"";"";"Profidisk"
"NoError, Req68020, EmulPriv, ClearMem, Examine";"The Clue! ? 1994 Neo";"1994 Neo";"whdload";"0";"The Clue! (AGA)";"ClueAGA";"3373914";"C\ClueAGA\ClueAGA.slave";"1048576";"C\ClueAGA";"983040";"Clue";"AGA";"";"";"";"";""
"NoError, ReqAGA, EmulPriv";"Coala ? 1993 Empire.";"1993 Empire";"whdload";"0";"Coala AGA";"CoalaAGA";"1590687";"C\CoalaAGA\CoalaAGA.Slave";"1048576";"C\CoalaAGA";"524288";"Coala";"AGA";"";"";"";"";""
"NoError, Req68020, EmulPriv, Examine";"Colonization ? 1995 Microprose";"1995 Microprose";"whdload";"0";"Colonization";"ColonizationAGA";"2369963";"C\ColonizationAGA\ColonizationAGA.Slave";"1572864";"C\ColonizationAGA";"1048576";"Colonization";"AGA";"";"";"";"";""
"NoError, EmulTrap, ReqAGA, ClearMem";"Dangerous Streets by Flair/Micromania (c) 1993 - 3 disks.";"1993 Flair";"whdload";"0";"Dangerous Streets";"DangerousStreetsAGA";"2718056";"D\DangerousStreetsAGA\DangerousStreetsAGA.slave";"262144";"D\DangerousStreetsAGA";"2097152";"DangerousStreets";"AGA";"";"";"";"";""
"NoError, EmulPriv, Examine";"DarkSeed ? 1992 CyberDreams.";"1992-94 CyberDreams";"whdload";"0";"DarkSeed CD³²";"DarkSeedCD32";"17071115";"D\DarkSeedCD32\DarkSeedCD32.Slave";"1572864";"D\DarkSeedCD32";"1048576";"DarkSeed";"CD32";"";"";"";"";""
"Disk, NoError, EmulTrap, ReqAGA, NoKbd";"";"1995 Alternative";"whdload";"0";"Death Mask AGA";"DeathMaskAGA";"1812577";"D\DeathMaskAGA\DeathMaskAGA.Slave";"0";"D\DeathMaskAGA";"2097152";"DeathMask";"AGA";"";"";"";"";""
"NoError, EmulTrap, Req68020, EmulPriv, Examine";"Deconstruction ? 1994-98 Brain-Logo";"1994-98 Brain Logo";"whdload";"0";"Deconstruction";"DeconstructionAGA";"3850458";"D\DeconstructionAGA\DeconstructionAGA.Slave";"524288";"D\DeconstructionAGA";"2097152";"Deconstruction";"AGA";"";"";"";"";""
"NoError, Req68020, EmulPriv, Examine";"Defender Of The Crown 2 CDTV/CD??,";"1993 Commodore Electronics";"whdload";"0";"Defender Of The Crown 2 CD³²/CDTV";"DefenderOfTheCrown2CD32";"10168470";"D\DefenderOfTheCrown2CD32\DefenderOfTheCrown2CD32.slave";"1048576";"D\DefenderOfTheCrown2CD32";"1048576";"DefenderOfTheCrown2";"CD32";"";"";"";"";""
"NoError, Req68020, EmulPriv, Examine";"Defender Of The Crown 2 CDTV/CD??,";"1993 Commodore Electronics";"whdload";"0";"Defender Of The Crown 2 CD³²/CDTV";"DefenseurCouronne2CD32Fr";"11280005";"D\DefenseurCouronne2CD32Fr\DefenseurCouronne2CD32Fr.slave";"1048576";"D\DefenseurCouronne2CD32Fr";"1048576";"DefenseurCouronne2";"CD32";"Fr";"";"";"";""
"NoError, Req68020, EmulPriv, Examine";"Defender Of The Crown 2 CDTV/CD??,";"1993 Commodore Electronics";"whdload";"0";"Defender Of The Crown 2 CD³²/CDTV";"DefensorDeLaCorona2CD32Es";"10808525";"D\DefensorDeLaCorona2CD32Es\DefensorDeLaCorona2CD32Es.slave";"1048576";"D\DefensorDeLaCorona2CD32Es";"1048576";"DefensorDeLaCorona2";"CD32";"Es";"";"";"";""
"NoError, Req68020, EmulPriv, Examine";"Deluxe Galaga ? 1995 Edgar M.Vigdal";"1995 Edgar M.Vigdal.";"whdload";"0";"Deluxe Galaga (AGA) v2.6";"DeluxeGalagaAGA";"1661287";"D\DeluxeGalagaAGA\DeluxeGalagaAGA.Slave";"1048576";"D\DeluxeGalagaAGA";"2097152";"DeluxeGalaga";"AGA";"";"";"";"";""
"NoError, EmulTrap, Req68020, EmulPriv, Examine";"Deluxe Pacman ? 1995 Edgar M.Vigdal";"1995 Edgar M.Vigdal.";"whdload";"0";"Deluxe Pacman (AGA) v1.6";"DeluxePacmanAGA";"760336";"D\DeluxePacmanAGA\DeluxePacmanAGA.Slave";"1048576";"D\DeluxePacmanAGA";"1048576";"DeluxePacman";"AGA";"";"";"";"";""
"NoError, Req68020, ReqAGA, EmulPriv, Examine";"Dennis ? 1993 Ocean.";"1994 Ocean";"whdload";"0";"Dennis CD32";"DennisCD32";"1647413";"D\DennisCD32\DennisCD32.slave";"839680";"D\DennisCD32";"1310720";"Dennis";"CD32";"";"";"";"";""
"NoError, EmulTrap, NoKbd, ClearMem";"Dennis ? 1993 Ocean.";"1993 Ocean";"whdload";"0";"Dennis AGA";"DennisAGA";"1436009";"D\DennisAGA\DennisAGA.slave";"0";"D\DennisAGA";"2097152";"Dennis";"AGA";"";"";"";"";""
"NoError, EmulTrap, NoKbd, ClearMem";"Dennis ? 1993 Ocean.";"1993 Ocean";"whdload";"0";"Dennis AGA";"DennisAGADesktopDynamite";"1391566";"D\DennisAGADesktopDynamite\DennisAGA.slave";"0";"D\DennisAGADesktopDynamite";"2097152";"DennisAGADesktopDynamite";"OCS/ECS";"";"";"";"";""
"NoError, ReqAGA, EmulPriv, ClearMem, Examine";"Detroit ? 1994 Impressions";"1994 Impressions";"whdload";"0";"Detroit AGA";"DetroitAGA";"1747308";"D\DetroitAGA\DetroitAGA.Slave";"1507328";"D\DetroitAGA";"917504";"Detroit";"AGA";"";"";"";"";""
"NoError, ReqAGA, EmulPriv, ClearMem, Examine";"Detroit ? 1994 Impressions";"1994 Impressions";"whdload";"0";"Detroit AGA";"DetroitAGAFr";"1746836";"D\DetroitAGAFr\DetroitAGAFr.Slave";"1507328";"D\DetroitAGAFr";"917504";"Detroit";"AGA";"Fr";"";"";"";""
"NoError, Req68020, EmulPriv, Examine";"";"1993 Mindscape";"whdload";"0";"D/Generation (CD³²)";"DGenerationCD32";"1722224";"D\DGenerationCD32\DGenerationCD32.slave";"1572864";"D\DGenerationCD32";"2093056";"DGeneration";"CD32";"";"";"";"";""
"NoError, Req68020, ReqAGA, EmulPriv, Examine";"";"1993 Mindscape";"whdload";"0";"D/Generation (AGA)";"DGenerationAGA";"1705674";"D\DGenerationAGA\DGenerationAGA.slave";"1572864";"D\DGenerationAGA";"1048576";"DGeneration";"AGA";"";"";"";"";""
"NoError, Req68020, EmulPriv, Examine";"Defender Of The Crown 2 CDTV/CD??,";"1993 Commodore Electronics";"whdload";"0";"Defender Of The Crown 2 CD³²/CDTV";"DifensoreCorona2CD32It";"12791072";"D\DifensoreCorona2CD32It\DifensoreCorona2CD32It.slave";"1048576";"D\DifensoreCorona2CD32It";"1048576";"DifensoreCorona2";"CD32";"It";"";"";"";""
"NoError, EmulTrap, EmulPriv, Examine";"Diggers AGA/CD32 (c)1993 Millenium.";"1993 Millenium";"whdload";"0";"Diggers AGA/CD32 ";"DiggersCD32";"18461347";"D\DiggersCD32\DiggersCD32.slave";"524288";"D\DiggersCD32";"2097152";"Diggers";"CD32";"";"";"";"";""
"NoError, EmulTrap, EmulPriv, Examine";"Diggers AGA/CD32 (c)1993 Millenium.";"1993 Millenium";"whdload";"0";"Diggers AGA/CD32 ";"DiggersAGA";"3138000";"D\DiggersAGA\DiggersAGA.slave";"524288";"D\DiggersAGA";"2097152";"Diggers";"AGA";"";"";"";"";""
"NoError";"Disposable Hero ? 1993-94 Euphoria/Gremlin Graphics.";"1994 Gremlin/Euphoria";"whdload";"0";"Disposable Hero CD³²";"DisposableHeroCD32";"2602921";"D\DisposableHeroCD32\DisposableHeroCD32.Slave";"0";"D\DisposableHeroCD32";"2097152";"DisposableHero";"CD32";"";"";"";"";""
"NoError, EmulTrap";"Donk by The Hidden (c) 1993 - 3 disks.";"1993 The Hidden";"whdload";"0";"Donk";"DonkTheSamuraiDuckAGA";"2977780";"D\DonkTheSamuraiDuckAGA\DonkTheSamuraiDuckAGA.slave";"0";"D\DonkTheSamuraiDuckAGA";"2097152";"DonkTheSamuraiDuck";"AGA";"";"";"";"";""
"Disk, NoError, EmulTrap";"Dragon Stone CD32 (c) 1994 Core Design Ltd.";"";"whdload";"0";"";"DragonstoneCD32";"2734106";"D\DragonstoneCD32\DragonstoneCD32.slave";"";"D\DragonstoneCD32";"1048576";"Dragonstone";"CD32";"";"";"";"";""
"NoError, ReqAGA, ClearMem";"Dragon Tiles ?1992 S.J.Smith";"1992 S.J.Smith";"whdload";"0";"Dragon Tiles AGA";"DragonTilesAGA";"544337";"D\DragonTilesAGA\DragonTilesAGA.Slave";"12288";"D\DragonTilesAGA";"520192";"DragonTiles";"AGA";"";"";"";"";""
"NoError, Req68020, EmulPriv, Examine";"DreamWeb AGA or OCS (c) 1993 Empire Software.";"1994 Emp¡re Software";"whdload";"0";"DreamWeb";"DreamWebAGA";"3296257";"D\DreamWebAGA\DreamWebAGA.Slave";"983040";"D\DreamWebAGA";"1114112";"DreamWeb";"AGA";"";"";"";"";""
"NoError, Req68020, EmulPriv, Examine";"DreamWeb AGA or OCS (c) 1993 Empire Software.";"1994 Emp¡re Software";"whdload";"0";"DreamWeb";"DreamWebAGADe";"3309774";"D\DreamWebAGADe\DreamWebAGADe.Slave";"983040";"D\DreamWebAGADe";"1114112";"DreamWeb";"AGA";"De";"";"";"";""
"NoError, EmulTrap, Req68020, ReqAGA, EmulPriv, ClearMem, Examine";"Dungeon Master II: The Legend of Skullkeep";"1994 Interplay";"whdload";"0";"Dungeon Master II: The Legend of Skullkeep";"DungeonMaster2AGA";"5808081";"D\DungeonMaster2AGA\DungeonMaster2AGA.Slave";"1572864";"D\DungeonMaster2AGA";"1572864";"DungeonMaster2";"AGA";"";"";"";"";""
"NoError, EmulTrap, EmulPriv, Examine";"Extarctor CD32 Preview (c)1994 Millenium.";"Millenium";"whdload";"0";"Extractors CD32 Preview";"ExtractorsPreviewCD32";"3334906";"E\ExtractorsPreviewCD32\ExtractorsPreviewCD32.slave";"524288";"E\ExtractorsPreviewCD32";"2097152";"Extractors";"CD32";"";"";"Preview";"";""
"NoError, EmulPriv, Examine";"Fantasy Flyer ?1994 Gallica/Cobwebcut/Gabriel Leroy";"1994 Gallica/Cobwebcut/Gabriel Leroy.";"whdload";"0";"Fantasy Flyer (mode AGA)";"FantasyFlyerAGA";"2033629";"F\FantasyFlyerAGA\FantasyFlyerAGA.Slave";"262144";"F\FantasyFlyerAGA";"2097152";"FantasyFlyer";"AGA";"";"";"";"";""
"Disk, NoError, EmulTrap";"";"1992 Black Legend";"whdload";"0";"Fatman - The Caped Consumer (AGA)";"FatmanCapedConsumerAGA";"3635276";"F\FatmanCapedConsumerAGA\FatmanCapedConsumerAGA.Slave";"0";"F\FatmanCapedConsumerAGA";"2093056";"FatmanCapedConsumer";"AGA";"";"";"";"";""
"NoError, EmulTrap, Req68020, ReqAGA, EmulPriv, Examine";"Fears floppy & CD?? ? 1995 Bomb Software";"1992 Bomb Software";"whdload";"0";"Fears CD³²";"FearsCD32";"2651082";"F\FearsCD32\FearsCD32.Slave";"2228224";"F\FearsCD32";"2093056";"Fears";"CD32";"";"";"";"";""
"Disk, NoError";"Fears floppy & CD?? ? 1995 Bomb Software";"1995 Manyk";"whdload";"0";"Fears";"FearsAGA";"2755293";"F\FearsAGA\FearsAGA.slave";"1310720";"F\FearsAGA";"2088960";"Fears";"AGA";"";"";"";"";""
"Disk, NoError";"Fears floppy & CD?? ? 1995 Bomb Software";"1995 Manyk";"whdload";"0";"Fears";"FearsAGACensored";"2755301";"F\FearsAGACensored\FearsAGACensored.slave";"1310720";"F\FearsAGACensored";"2088960";"Fears";"AGA";"";"";"";"Censored";""
"NoError, EmulTrap, Req68020, ReqAGA, ClearMem";"Fightin' Spirit ? 1996 Neo";"1996 Neo";"whdload";"0";"Fightin";"FightinSpiritCD32";"3942427";"F\FightinSpiritCD32\FightinSpiritCD32.slave";"4096";"F\FightinSpiritCD32";"1777664";"FightinSpirit";"CD32";"";"";"";"";""
"NoError, EmulTrap, Req68020, ReqAGA, ClearMem";"Fightin' Spirit ? 1996 Neo";"1996 Neo";"whdload";"0";"Fightin";"FightinSpiritAGA";"4093252";"F\FightinSpiritAGA\FightinSpiritAGA.Slave";"4096";"F\FightinSpiritAGA";"1777664";"FightinSpirit";"AGA";"";"";"";"";""
"NoError, Req68020, EmulPriv, Examine";"Fire And Ice ? 1990-1994 Graftgold";"1992 Graftgold";"whdload";"0";"Fire And Ice CD³²";"Fire&IceCD32";"2061622";"F\Fire&IceCD32\Fire&IceCD32.slave";"786432";"F\Fire&IceCD32";"1966080";"Fire&Ice";"CD32";"";"";"";"";""
"NoError, EmulTrap, NoDivZero";"Fire Force by ICE.";"1994 ICE";"whdload";"0";"Fire Force [CD32]";"FireForceCD32";"1785847";"F\FireForceCD32\FireForceCD32.slave";"0";"F\FireForceCD32";"2097152";"FireForce";"CD32";"";"";"";"";""
"NoError, Req68020, ReqAGA, EmulPriv, Examine";"Flink CD32 ? 1994 Psygnosis.";"1994 Psygnosis";"whdload";"0";"Flink";"FlinkCD32";"1463759";"F\FlinkCD32\FlinkCD32.Slave";"839680";"F\FlinkCD32";"1835008";"Flink";"CD32";"";"";"";"";""
"NoError";"Fly Harder (c) 1993 Starbyte - 2 disks/CD32.";"1993 Starbyte";"whdload";"0";"Fly Harder";"FlyHarderCD32";"1364966";"F\FlyHarderCD32\FlyHarderCD32.slave";"0";"F\FlyHarderCD32";"589824";"FlyHarder";"CD32";"";"";"";"";""
"NoError, NoDivZero, ReqAGA, EmulPriv, ClearMem, Examine";"Football Glory ? 1994 Black Legend";"1994 Black Legend";"whdload";"0";"Football Glory (AGA)";"FootballGloryAGA";"1826895";"F\FootballGloryAGA\FootballGloryAGA.Slave";"917504";"F\FootballGloryAGA";"1114112";"FootballGlory";"AGA";"";"";"";"";""
"NoError, Req68020, EmulPriv, Examine";"Frontier - Elite II ? 1993 GameTek";"1993 GameTek";"whdload";"0";"Frontier - Elite II CD³²";"FrontierCD32";"869896";"F\FrontierCD32\FrontierCD32.slave";"1310720";"F\FrontierCD32";"524288";"Frontier";"CD32";"";"";"";"";""
"NoError, Req68020, EmulPriv, Examine";"Fury Of The Furries ? 1990 Kalisto/Atreid software.";"1990 Kalisto.";"whdload";"0";"Fury of the Furries (CD32)";"FuryOfTheFurriesCD32";"5738850";"F\FuryOfTheFurriesCD32\FuryOfTheFurriesCD32.Slave";"786432";"F\FuryOfTheFurriesCD32";"2097152";"FuryOfTheFurries";"CD32";"";"";"";"";""
"NoError, Req68020, ReqAGA, ClearMem";"Gloom ? 1995 Black Magic";"1995 Black Magic";"whdload";"0";"Gloom";"GloomCD32";"1221710";"G\GloomCD32\GloomCD32.slave";"1097728";"G\GloomCD32";"741376";"Gloom";"CD32";"";"";"";"";""
"NoError, Req68020, ReqAGA, ClearMem";"Gloom ? 1995 Black Magic";"1995 Black Magic";"whdload";"0";"Gloom";"GloomAGA";"1221758";"G\GloomAGA\GloomAGA.slave";"1097728";"G\GloomAGA";"741376";"Gloom";"AGA";"";"";"";"";""
"EmulTrap, NoDivZero, ClearMem";"";"1994 Acid Software";"whdload";"0";"Guardian CD³²";"GuardianCD32";"2296803";"G\GuardianCD32\GuardianCD32.slave";"1048576";"G\GuardianCD32";"2097152";"Guardian";"CD32";"";"";"";"";""
"NoError, Req68020, EmulPriv, Examine";"Gunship 2000 ? 1993 Microprose";"1992 Microprose";"whdload";"0";"Gunship 2000 CD³²";"Gunship2000CD32";"7889583";"G\Gunship2000CD32\Gunship2000CD32.slave";"524288";"G\Gunship2000CD32";"2093056";"Gunship2000";"CD32";"";"";"";"";""
"NoError, Req68020, EmulPriv, ClearMem, Examine";"Gunship 2000 ? 1993 Microprose";"1993 Microprose";"whdload";"0";"Gunship 2000 AGA";"Gunship2000AGA";"3466679";"G\Gunship2000AGA\Gunship2000AGA.slave";"1572864";"G\Gunship2000AGA";"1048576";"Gunship2000";"AGA";"";"";"";"";""
"NoError, EmulTrap, Req68020, EmulPriv, Examine";"Heimdall 2 Aga/Ecs/CD32 (C)1994 Core Design.";"1994 Core Design";"whdload";"0";"Heimdall 2 CD32 ";"Heimdall2CD32";"5028210";"H\Heimdall2CD32\Heimdall2CD32.Slave";"524288";"H\Heimdall2CD32";"2097152";"Heimdall2";"CD32";"";"";"";"";""
"NoError, EmulTrap, Req68020, EmulPriv, Examine";"Heimdall 2 Aga/Ecs/CD32 (C)1994 Core Design.";"1994 Core Design";"whdload";"0";"Heimdall 2 AGA ";"Heimdall2AGA";"5120417";"H\Heimdall2AGA\Heimdall2AGA.Slave";"524288";"H\Heimdall2AGA";"2097152";"Heimdall2";"AGA";"";"";"";"";""
"NoError, Req68020, ReqAGA, EmulPriv, Examine";"High Seas Trader ? 1995 Impressions";"1995 Impressions";"whdload";"0";"High Seas Trader";"HighSeasTraderAGA";"3507233";"H\HighSeasTraderAGA\HighSeasTraderAGA.Slave";"1572864";"H\HighSeasTraderAGA";"2093056";"HighSeasTrader";"AGA";"";"";"";"";""
"NoError, Req68020, EmulPriv, Examine";"The Humans & Human Race - Jurassic Levels ? 1992 Imagitec Design.";"1992 GameTek";"whdload";"0";"The Humans CD³²";"HumansCD32";"3915177";"H\HumansCD32\HumansCD32.slave";"786432";"H\HumansCD32";"2093056";"Humans";"CD32";"";"";"";"";""
"NoError, Req68020, ReqAGA, ClearMem";"Humans III: Evolution - Lost in time ? 1996 Gametek";"1996 Gametek";"whdload";"0";"Humans III: Evolution - Lost in time...";"Humans3AGA";"2713749";"H\Humans3AGA\Humans3AGA.Slave";"8192";"H\Humans3AGA";"1789952";"Humans3";"AGA";"";"";"";"";""
"NoError, ReqAGA, EmulPriv";"Impossible Mission 2025 (ECS/AGA) ? 1993 Microprose.";"1993 Microprose";"whdload";"0";"Impossible Mission 2025";"ImpossibleMission2025AGA";"1317831";"I\ImpossibleMission2025AGA\ImpossibleMission2025AGA.slave";"1048576";"I\ImpossibleMission2025AGA";"2031616";"ImpossibleMission2025";"AGA";"";"";"";"";""
"NoError, NoKbd";"IK+ ? 1988 Archer Maclean.";"1987/8 Archer Maclean";"whdload";"0";"IK+";"InternationalKarate+CD32";"379198";"I\InternationalKarate+CD32\InternationalKarate+CD32.slave";"4096";"I\InternationalKarate+CD32";"524288";"InternationalKarate+";"CD32";"";"";"";"";""
"NoError, Req68020, ReqAGA, EmulPriv, ClearMem, Examine";"Ishar ? 1992 Silmarils.";"1992 Silmarils";"whdload";"0";"Ishar Aga (Legend Of The Fortress)";"IsharAGA";"1552987";"I\IsharAGA\IsharAGA.Slave";"786432";"I\IsharAGA";"1572864";"Ishar";"AGA";"";"";"";"";""
"NoError, Req68020, ReqAGA, EmulPriv, ClearMem, Examine";"Ishar II ? 1993 Silmarils.";"1993 Silmarils";"whdload";"0";"Ishar II Aga (Messengers Of Doom)";"Ishar2AGA";"2937627";"I\Ishar2AGA\Ishar2AGA.Slave";"786432";"I\Ishar2AGA";"1703936";"Ishar2";"AGA";"";"";"";"";""
"NoError, Req68020, ReqAGA, EmulPriv, ClearMem, Examine";"Ishar III ? 1994 Silmarils.";"1994 Silmarils";"whdload";"0";"Ishar III AGA";"Ishar3AGA";"5596258";"I\Ishar3AGA\Ishar3AGA.Slave";"786432";"I\Ishar3AGA";"1703936";"Ishar3";"AGA";"";"";"";"";""
"NoError, EmulPriv, Examine";"James Pond 2 ECS/AGA ? 1991-93 Millennium - 1 disk";"1992 Millenium";"whdload";"0";"James Pond 2 - Robocod CD³²";"JamesPond2CD32";"4318923";"J\JamesPond2CD32\JamesPond2CD32.Slave";"655360";"J\JamesPond2CD32";"1572864";"JamesPond2";"CD32";"";"";"";"";""
"NoError, EmulTrap, NoDivZero, ClearMem";"James Pond 2 ECS/AGA ? 1991-93 Millennium - 1 disk";"1993 MILLENIUM";"whdload";"0";"Robocod (James Pond 2) Aga";"JamesPond2AGA";"511277";"J\JamesPond2AGA\JamesPond2AGA.Slave";"0";"J\JamesPond2AGA";"2097152";"JamesPond2";"AGA";"";"";"";"";""
"NoError, EmulPriv, Examine";"";"1992 Millenium";"whdload";"0";"James Pond 2 - Robocod CD³²";"JamesPond2";"4288285";"J\JamesPond2CD32\data\JamesPond2.Slave";"655360";"J\JamesPond2CD32\data";"1572864";"JamesPond2";"OCS/ECS";"";"";"";"";""
"EmulTrap, NoDivZero, Req68020, NoKbd, ClearMem";"";"1994 Millenium";"whdload";"0";"James Pond 3 - Operation Starfish";"JamesPond3CD32";"2339907";"J\JamesPond3CD32\JamesPond3CD32.slave";"0";"J\JamesPond3CD32";"2097152";"JamesPond3";"CD32";"";"";"";"";""
"NoError, ReqAGA";"James Pond 3:Operation Starfish by Millenium/Vector Dean (c) 1993 - 3 disks.";"";"whdload";"0";"";"JamesPond3AGA";"1849885";"J\JamesPond3AGA\JamesPond3AGA.slave";"";"J\JamesPond3AGA";"2097152";"JamesPond3";"AGA";"";"";"";"";""
"NoError, Req68020, EmulPriv, ClearMem, Examine";"Jetstrike ? 1994 Rasputin";"1994 Rasputin";"whdload";"0";"Jetstrike AGA Intro";"JetstrikeAGA";"3722530";"J\JetstrikeAGA\JetstrikeAGAIntro.Slave";"917504";"J\JetstrikeAGA";"1048576";"Jetstrike";"AGA";"";"";"";"";""
"NoError, Req68020, EmulPriv, ClearMem, Examine";"Jetstrike ? 1994 Rasputin";"1994 Rasputin";"whdload";"0";"Jetstrike AGA";"JetstrikeAGA";"3722530";"J\JetstrikeAGA\JetstrikeAGA.Slave";"1572864";"J\JetstrikeAGA";"1703936";"Jetstrike";"AGA";"";"";"";"";""
"NoError";"Jungle Strike (c) 1994 Ocean - 3 disks and/or CD32.";"1994 Ocean";"whdload";"0";"Jungle Strike CD³²";"JungleStrikeCD32";"5757540";"J\JungleStrikeCD32\JungleStrikeCD32.Slave";"0";"J\JungleStrikeCD32";"2031616";"JungleStrike";"CD32";"";"";"";"";""
"NoError, EmulTrap, Req68020, ReqAGA";"Jurassic Park ? 1993 Ocean";"1994 Ocean";"whdload";"0";"Jurassic Park AGA";"JurassicParkAGA";"3906824";"J\JurassicParkAGA\JurassicParkAGA.slave";"0";"J\JurassicParkAGA";"2097152";"JurassicPark";"AGA";"";"";"";"";""
"NoError, EmulTrap";"Kick Off 3 European Challenge ? 1994 Anco.";"1994 Anco";"whdload";"0";"Kick Off 3 European Challenge AGA";"KickOff3EC_AGA";"2730383";"K\KickOff3EC_AGA\KickOff3EC_AGA.Slave";"0";"K\KickOff3EC_AGA";"2097152";"KickOff3EC_";"AGA";"";"";"";"";""
"NoError, EmulTrap, Req68020, ReqAGA";"Kid Chaos (c) 1994 Ocean/Magnetic Fields";"1994 Ocean/Magnetic Fields";"whdload";"0";"Kid Chaos CD³²";"KidChaosCD32";"5842991";"K\KidChaosCD32\KidChaosCD32.slave";"0";"K\KidChaosCD32";"2097152";"KidChaos";"CD32";"";"";"";"";""
"NoError, ClearMem, Examine";"King Pin: Arcade Sports Series Bowling (c) 1995";"1995 Team 17";"whdload";"0";"King Pin: Arcade Sports Series Bowling";"KingpinCD32";"1088731";"K\KingpinCD32\KingpinCD32.Slave";"999424";"K\KingpinCD32";"520192";"Kingpin";"CD32";"";"";"";"";""
"Disk, NoError, EmulTrap";"Last Ninja 3 (c) 1991 System 3";"1991 System 3";"whdload";"0";"Last Ninja 3";"LastNinja3CD32";"1847045";"L\LastNinja3CD32\LastNinja3CD32.Slave";"0";"L\LastNinja3CD32";"524288";"LastNinja3";"CD32";"";"";"";"";""
"NoError, EmulTrap, EmulPriv, Examine";"Leading Lap AGA/ECS (C)1995 Black Legend.";"1995 Black Legend";"whdload";"0";"Leading Lap AGA";"LeadingLapMPVAGA";"1230514";"L\LeadingLapMPVAGA\LeadingLapMPVAGA.slave";"1048576";"L\LeadingLapMPVAGA";"2097152";"LeadingLapMPV";"AGA";"";"";"";"";""
"NoError, EmulTrap, EmulPriv, Examine";"Leading Lap AGA/ECS (C)1995 Black Legend.";"1995 Black Legend";"whdload";"0";"Leading Lap AGA";"LeadingLapMPVAGACUAmiga";"816711";"L\LeadingLapMPVAGACUAmiga\LeadingLapMPVAGACUAmiga.slave";"1048576";"L\LeadingLapMPVAGACUAmiga";"2097152";"LeadingLapMPV";"AGA";"";"";"";"CUAmiga";""
"NoError, EmulTrap, Req68020, EmulPriv, Examine";"Legends AGA/CD32 ? 1994 Krisalis.";"1994 krisalis";"whdload";"0";"Legends AGA/CD32";"LegendsCD32";"4364044";"L\LegendsCD32\LegendsCD32.Slave";"524288";"L\LegendsCD32";"2097152";"Legends";"CD32";"";"";"";"";""
"NoError, EmulTrap, Req68020, EmulPriv, Examine";"Legends AGA/CD32 ? 1994 Krisalis.";"1994 krisalis";"whdload";"0";"Legends AGA/CD32";"LegendsAGA";"4674539";"L\LegendsAGA\LegendsAGA.Slave";"524288";"L\LegendsAGA";"2097152";"Legends";"AGA";"";"";"";"";""
"Disk, NoError, EmulTrap";"The Lion King (AGA), ?1994 Virgin / Disney";"1994 Virgin / Disney";"whdload";"0";"Disney";"LionKingAGA";"2712289";"L\LionKingAGA\LionKingAGA.Slave";"0";"L\LionKingAGA";"2097152";"LionKing";"AGA";"";"";"";"";""
"NoError, Req68020, EmulPriv, Examine";"Lords Of The Realm ? 1994 Impressions.";"1994 Impressions ";"whdload";"0";"Lords Of The Realm AGA (no Fast)";"LordsOfTheRealmAGA";"3169346";"L\LordsOfTheRealmAGA\LordsOfTheRealmAGA.Slave";"524288";"L\LordsOfTheRealmAGA";"2097152";"LordsOfTheRealm";"AGA";"";"";"";"";""
"NoError, Req68020, EmulPriv, Examine";"Lords Of The Realm ? 1994 Impressions.";"1994 Impressions ";"whdload";"0";"Lords Of The Realm AGA (no Fast)";"LordsOfTheRealmAGAFr";"3168973";"L\LordsOfTheRealmAGAFr\LordsOfTheRealmAGAFr.Slave";"524288";"L\LordsOfTheRealmAGAFr";"2097152";"LordsOfTheRealm";"AGA";"Fr";"";"";"";""
"NoError, Req68020, EmulPriv, Examine";"Lords Of The Realm ? 1994 Impressions.";"1994 Impressions ";"whdload";"0";"Lords Of The Realm AGA (no Fast)";"LordsOfTheRealmAGADe";"3170219";"L\LordsOfTheRealmAGADe\LordsOfTheRealmAGADe.Slave";"524288";"L\LordsOfTheRealmAGADe";"2097152";"LordsOfTheRealm";"AGA";"De";"";"";"";""
"NoError, Req68020, EmulPriv, Examine";"Lords Of The Realm ? 1994 Impressions.";"1994 Impressions ";"whdload";"0";"Lords Of The Realm AGA (1 Mo Fast)";"LordsOfTheRealmAGAFast";"3169346";"L\LordsOfTheRealmAGAFast\LordsOfTheRealmAGAFast.slave";"1572864";"L\LordsOfTheRealmAGAFast";"2097152";"LordsOfTheRealm";"AGA";"";"Fast";"";"";""
"NoError, Req68020, EmulPriv, Examine";"Lords Of The Realm ? 1994 Impressions.";"1994 Impressions ";"whdload";"0";"Lords Of The Realm AGA (1 Mo Fast)";"LordsOfTheRealmAGAFrFast";"3168973";"L\LordsOfTheRealmAGAFrFast\LordsOfTheRealmAGAFrFast.slave";"1572864";"L\LordsOfTheRealmAGAFrFast";"2097152";"LordsOfTheRealm";"AGA";"Fr";"Fast";"";"";""
"NoError, Req68020, EmulPriv, Examine";"Lords Of The Realm ? 1994 Impressions.";"1994 Impressions ";"whdload";"0";"Lords Of The Realm AGA (1 Mo Fast)";"LordsOfTheRealmAGADeFast";"3170219";"L\LordsOfTheRealmAGADeFast\LordsOfTheRealmAGADeFast.Slave";"1572864";"L\LordsOfTheRealmAGADeFast";"2097152";"LordsOfTheRealm";"AGA";"De";"Fast";"";"";""
"NoError, EmulPriv, Examine";"The Lost Vikings ? 1992-93 Interplay.";"1992-93 Interplay";"whdload";"0";"The Lost Vikings";"LostVikingsCD32";"1628836";"L\LostVikingsCD32\LostVikingsCD32.slave";"262144";"L\LostVikingsCD32";"1048576";"LostVikings";"CD32";"";"";"";"";""
"NoError, EmulTrap, NoKbd, ClearMem";"Lotus Esprit Turbo Challenge ? 1990 Gremlin";"1990 Gremlin/Magnetic Fields ";"whdload";"0";"Lotus Turbo Esprit Challenge";"LotusCD32";"994260";"L\LotusCD32\LotusCD32.Slave";"4096";"L\LotusCD32";"524288";"Lotus";"CD32";"";"";"";"";""
"NoError, EmulPriv, Examine";"Lunar-C CD?? ? 1993 Mindscape, part of the";"1993 Eikon/Mindscape";"whdload";"0";"Lunar-C CD³²";"LunarCCD32";"1528385";"L\LunarCCD32\LunarCCD32.slave";"720896";"L\LunarCCD32";"1048576";"LunarC";"CD32";"";"";"";"";""
"Req68020, ReqAGA, EmulPriv, ClearMem, Examine";"";"1994 21st Century Entertainment";"whdload";"0";"Marvin";"MarvinsMarvellousAdvCD32";"7097827";"M\MarvinsMarvellousAdvCD32\MarvinsMarvellousAdvCD32.Slave";"524288";"M\MarvinsMarvellousAdvCD32";"2097152";"MarvinsMarvellousAdv";"CD32";"";"";"";"";""
"Req68020, ReqAGA, EmulPriv, ClearMem, Examine";"";"1994 21st Century Entertainment";"whdload";"0";"Marvin";"MarvinsMarvellousAdvAGA";"3197650";"M\MarvinsMarvellousAdvAGA\MarvinsMarvellousAdvAGA.Slave";"524288";"M\MarvinsMarvellousAdvAGA";"2097152";"MarvinsMarvellousAdv";"AGA";"";"";"";"";""
"NoError, EmulTrap";"Mean Arenas by ICE (c) 1994, 2 disks or 1 CD-ROM.";"1994 ICE";"whdload";"0";"Mean Arenas CD³²";"MeanArenasCD32";"1616120";"M\MeanArenasCD32\MeanArenasCD32.slave";"0";"M\MeanArenasCD32";"1048576";"MeanArenas";"CD32";"";"";"";"";""
"NoError, EmulPriv, Examine";"MegaBall ? 1995 Ed Mackey.";"1995 Ed Mackey";"whdload";"0";"MegaBall AGA";"MegaBallAGA";"2181594";"M\MegaBallAGA\MegaBallAGA.slave";"1048576";"M\MegaBallAGA";"1048576";"MegaBall";"AGA";"";"";"";"";""
"NoError, Req68020, ReqAGA, EmulPriv";"Minskies - The Abduction ? 1996 Binary Emotions";"1994 Binary Emotions";"whdload";"0";"Minskies - The Abduction (AGA)";"MinskiesAGA";"3270353";"M\MinskiesAGA\MinskiesAGA.slave";"262144";"M\MinskiesAGA";"2093056";"Minskies";"AGA";"";"";"";"";""
"NoError, ReqAGA, EmulPriv, Examine";"Morph by Millennium/Flair (c) 1993 - 2 disks or 1 CD.";"1993 Millennium";"whdload";"0";"Morph [AGA/CD32]";"MorphCD32";"1397832";"M\MorphCD32\MorphCD32.Slave";"720896";"M\MorphCD32";"1376256";"Morph";"CD32";"";"";"";"";""
"NoError, ReqAGA, EmulPriv, Examine";"Morph by Millennium/Flair (c) 1993 - 2 disks or 1 CD.";"1993 Millennium";"whdload";"0";"Morph [AGA/CD32]";"MorphAGA";"1404239";"M\MorphAGA\MorphAGA.Slave";"720896";"M\MorphAGA";"1376256";"Morph";"AGA";"";"";"";"";""
"NoError, EmulTrap, ReqAGA";"Morton Strikes Back ? 1994 .";"1994 Confused Pelican Software";"whdload";"0";"Morton Strikes Back AGA";"MortonStrikesBackAGA";"1213450";"M\MortonStrikesBackAGA\MortonStrikesBackAGA.Slave";"0";"M\MortonStrikesBackAGA";"2097152";"MortonStrikesBack";"AGA";"";"";"";"";""
"NoError, EmulTrap, ClearMem";"Myth by System 3 (c) 1992 - 3 disks or 1 CD.";"1992 System 3";"whdload";"0";"Myth";"MythHistoryInMakingCD32";"2739097";"M\MythHistoryInMakingCD32\MythHistoryInMakingCD32.slave";"0";"M\MythHistoryInMakingCD32";"1048576";"MythHistoryInMaking";"CD32";"";"";"";"";""
"NoError, EmulTrap, Req68020, NoKbd, EmulPriv, Examine";"Naughty Ones ?1994 Interactivision/Melon Design.";"1994 Interactivision";"whdload";"0";"Naughty Ones (CD32)";"NaughtyOnesCD32";"1825724";"N\NaughtyOnesCD32\NaughtyOnesCD32.Slave";"524288";"N\NaughtyOnesCD32";"2097152";"NaughtyOnes";"CD32";"";"";"";"";""
"NoError, EmulTrap, ClearMem";"Naughty Ones ?1994 Interactivision/Melon Design.";"1994 Interactivision";"whdload";"0";"Naughty Ones (AGA)";"NaughtyOnesAGA";"923941";"N\NaughtyOnesAGA\NaughtyOnesAGA.Slave";"0";"N\NaughtyOnesAGA";"2097152";"NaughtyOnes";"AGA";"";"";"";"";""
"NoError, EmulTrap, Req68020, EmulPriv, Examine";"Nick Faldo's Championship Golf ? 1992-1994 Grandslam";"1994 Grandslam";"whdload";"0";"Nick Faldo";"NickFaldosChampGolfCD32";"4287571";"N\NickFaldosChampGolfCD32\NickFaldosChampGolfCD32.Slave";"524288";"N\NickFaldosChampGolfCD32";"2093056";"NickFaldosChampGolf";"CD32";"";"";"";"";""
"NoError, Req68020, EmulPriv, Examine";"Nigel Mansell World Champion ? 1992 Gremlin.";"1992 Gremlin";"whdload";"0";"Nigel Mansell World Champion CD³²";"NigelMansellsWrldChmpCD32";"1392591";"N\NigelMansellsWrldChmpCD32\NigelMansellsWrldChmpCD32.slave";"1048576";"N\NigelMansellsWrldChmpCD32";"2093056";"NigelMansellsWrldChmp";"CD32";"";"";"";"";""
"NoError, EmulTrap, EmulPriv, Examine";"Nigel Mansell World Champion ? 1992 Gremlin.";"1992 Gremlin";"whdload";"0";"Nigel Mansell World Champion ECS/AGA";"NigelMansellsWrldChmpAGA";"1493759";"N\NigelMansellsWrldChmpAGA\NigelMansellsWrldChmpAGA.slave";"1310720";"N\NigelMansellsWrldChmpAGA";"1048576";"NigelMansellsWrldChmp";"AGA";"";"";"";"";""
"NoError, EmulTrap, ReqAGA, ClearMem";"Og!/Trog! ? 1992/95 Confused Pelican.";"1995 Confused Pelican";"whdload";"0";"Og!";"OgAGA";"464426";"O\OgAGA\OgAGA.Slave";"0";"O\OgAGA";"1048576";"Og";"AGA";"";"";"";"";""
"NoError";"Oscar ? 1993 Flair Software. Supported are two";"1993 Flair Software";"whdload";"0";"Oscar";"OscarCD32";"5100152";"O\OscarCD32\OscarCD32.Slave";"4096";"O\OscarCD32";"1576960";"Oscar";"CD32";"";"";"";"";""
"NoError";"Oscar ? 1993 Flair Software. Supported are two";"1993 Flair Software";"whdload";"0";"Oscar";"OscarAGA";"2028132";"O\OscarAGA\OscarAGA.Slave";"4096";"O\OscarAGA";"1576960";"Oscar";"AGA";"";"";"";"";""
"NoError, EmulTrap, ReqAGA";"Overkill by Mindscape (c) 1993 - 2 disks.";"1993 Mindscape";"whdload";"0";"Overkill";"OverkillAGA";"1842665";"O\OverkillAGA\OverkillAGA.slave";"0";"O\OverkillAGA";"2097152";"Overkill";"AGA";"";"";"";"";""
"NoError, ReqAGA, ClearMem";"Penthouse Hot Numbers Deluxe ?1993 Magic Bytes";"1993 Magic Bytes";"whdload";"0";"Penthouse Hot Numbers Deluxe AGA";"PenthouseHotNumsDlxAGADe";"5190265";"P\PenthouseHotNumsDlxAGADe\PenthouseHotNumsDlxAGADe.Slave";"1187840";"P\PenthouseHotNumsDlxAGADe";"733184";"PenthouseHotNumsDlx";"AGA";"De";"";"";"";""
"NoError, EmulTrap, ReqAGA, ClearMem";"PGA European Tour (c) 1994 The Dome/Ocean - 2 disks.";"1994 The Dome/Ocean";"whdload";"0";"PGA European Tour CD³²";"PGAEuropeanTourCD32";"1148349";"P\PGAEuropeanTourCD32\PGAEuropeanTourCD32.Slave";"1048576";"P\PGAEuropeanTourCD32";"655360";"PGAEuropeanTour";"CD32";"";"";"";"";""
"NoError, EmulTrap, ReqAGA, ClearMem";"PGA European Tour (c) 1994 The Dome/Ocean - 2 disks.";"1994 The Dome/Ocean";"whdload";"0";"PGA European Tour AGA";"PGAEuropeanTourAGA";"1137865";"P\PGAEuropeanTourAGA\PGAEuropeanTourAGA.Slave";"1048576";"P\PGAEuropeanTourAGA";"655360";"PGAEuropeanTour";"AGA";"";"";"";"";""
"NoError, ReqAGA, ClearMem";"Pierre Le Chef is ... Out To Lunch ? 1994 Mindscape";"1994 Mindscape";"whdload";"0";"Pierre le Chef is ... Out To Lunch CD³²";"PierreIsOutToLunchCD32";"1631946";"P\PierreIsOutToLunchCD32\PierreIsOutToLunchCD32.Slave";"65536";"P\PierreIsOutToLunchCD32";"2097152";"PierreIsOutToLunch";"CD32";"";"";"";"";""
"NoError, ReqAGA, ClearMem";"Pierre Le Chef is ... Out To Lunch ? 1994 Mindscape";"1994 Mindscape";"whdload";"0";"Pierre le Chef is ... Out To Lunch";"PierreIsOutToLunchAGA";"1358563";"P\PierreIsOutToLunchAGA\PierreIsOutToLunchAGA.Slave";"0";"P\PierreIsOutToLunchAGA";"2097152";"PierreIsOutToLunch";"AGA";"";"";"";"";""
"NoError, Req68020, ReqAGA, EmulPriv, Examine";":";"1994 21st Century Entertainment";"whdload";"0";"Pinball Fantasies CD³²/AGA";"PinballFntsiesCD32";"4086006";"P\PinballFntsiesCD32\PinballFntsiesCD32.slave";"1572864";"P\PinballFntsiesCD32";"1048576";"PinballFntsies";"CD32";"";"";"";"";""
"NoError, Req68020, ReqAGA, EmulPriv, Examine";":";"1994 21st Century Entertainment";"whdload";"0";"Pinball Fantasies CD³²/AGA";"PinballFntsiesAGA";"3278173";"P\PinballFntsiesAGA\PinballFntsiesAGA.slave";"1572864";"P\PinballFntsiesAGA";"1048576";"PinballFntsies";"AGA";"";"";"";"";""
"NoError, Req68020, ReqAGA, EmulPriv, Examine";":";"1994 21st Century Entertainment";"whdload";"0";"Pinball Fantasies CD³²/AGA (CHIPONLY)";"PinballFntsiesCD32Chip";"4085370";"P\PinballFntsiesCD32Chip\PinballFntsiesCD32Chip.slave";"655360";"P\PinballFntsiesCD32Chip";"2093056";"PinballFntsies";"CD32";"";"Chip";"";"";""
"NoError, Req68020, ReqAGA, EmulPriv, Examine";":";"1994 21st Century Entertainment";"whdload";"0";"Pinball Fantasies CD³²/AGA";"PinballFntsiesAGANTSC";"3278230";"P\PinballFntsiesAGANTSC\PinballFntsiesAGANTSC.slave";"1572864";"P\PinballFntsiesAGANTSC";"1048576";"PinballFntsies";"AGA";"";"";"";"NTSC";""
"NoError, Req68020, ReqAGA, EmulPriv, Examine";":";"1994 21st Century Entertainment";"whdload";"0";"Pinball Fantasies CD³²/AGA (CHIPONLY)";"PinballFntsiesAGAChip";"3277537";"P\PinballFntsiesAGAChip\PinballFntsiesAGAChip.slave";"655360";"P\PinballFntsiesAGAChip";"2093056";"PinballFntsies";"AGA";"";"Chip";"";"";""
"NoError, Req68020, ReqAGA, EmulPriv, Examine";":";"1994 21st Century Entertainment";"whdload";"0";"Pinball Fantasies CD³²/AGA (CHIPONLY)";"PinballFntsiesAGANTSCChip";"3277594";"P\PinballFntsiesAGANTSCChip\PinballFntsiesAGANTSCChip.slave";"655360";"P\PinballFntsiesAGANTSCChip";"2093056";"PinballFntsies";"AGA";"";"Chip";"";"NTSC";""
"NoError, ReqAGA, EmulPriv, Examine";"Pinball Illusions ? 1994/1995 21st Century Entertainment.";"1994/95 21st Century Entertainment";"whdload";"0";"Pinball Illusions AGA/CD³²";"PinballIllusionsCD32";"5521525";"P\PinballIllusionsCD32\PinballIllusionsCD32.slave";"1572864";"P\PinballIllusionsCD32";"2093056";"PinballIllusions";"CD32";"";"";"";"";""
"NoError, ReqAGA, EmulPriv, Examine";"Pinball Illusions ? 1994/1995 21st Century Entertainment.";"1994/95 21st Century Entertainment";"whdload";"0";"Pinball Illusions AGA/CD³²";"PinballIllusionsAGA";"3357974";"P\PinballIllusionsAGA\PinballIllusionsAGA.slave";"1572864";"P\PinballIllusionsAGA";"2093056";"PinballIllusions";"AGA";"";"";"";"";""
"NoError, Req68020, ReqAGA, ClearMem";"Pinball Illusions demo ? 1994 21st Century";"1994 21st Century";"whdload";"0";"Pinball Illusions demo";"PinballIllusionsAGADemo";"817559";"P\PinballIllusionsAGADemo\PinballIllusionsAGADemo.Slave";"159744";"P\PinballIllusionsAGADemo";"1290240";"PinballIllusions";"AGA";"";"";"Demo";"";""
"NoError, EmulTrap, Req68020, ReqAGA, EmulPriv, ClearMem, Examine";"Pinball Prelude ? 1995 Effigy.";"1995 Effigy";"whdload";"0";"Pinball Prelude (AGA version)";"PinballPreludeAGA";"4307580";"P\PinballPreludeAGA\PinballPreludeAGA.slave";"262144";"P\PinballPreludeAGA";"2097152";"PinballPrelude";"AGA";"";"";"";"";""
"NoError, Req68020, EmulPriv, Examine";"Pirates/Pirates Gold CD?? ? 1987-1993 Microprose.";"1993 Microprose";"whdload";"0";"Pirates! (Gold) AGA/CD³²";"PiratesGoldCD32";"1437537";"P\PiratesGoldCD32\PiratesGoldCD32.slave";"1572864";"P\PiratesGoldCD32";"1048576";"PiratesGold";"CD32";"";"";"";"";""
"NoError, EmulTrap, ReqAGA, NoKbd";"Player Manager 2 ? 1995 Anco.";"1995 Anco";"whdload";"0";"Player Manager 2 Extra";"PlayerManager2ExtraAGA";"4532809";"P\PlayerManager2ExtraAGA\PlayerManager2ExtraAGA.Slave";"0";"P\PlayerManager2ExtraAGA";"2097152";"PlayerManager2Extra";"AGA";"";"";"";"";""
"NoError, EmulTrap, NoDivZero, ClearMem";"Premiere (floppy/CD??) ? 1992/1994 Core Design";"1992 Core Design & 8th Day";"whdload";"0";"Premiere (Floppy/CD32)";"PremiereCD32";"2510024";"P\PremiereCD32\PremiereCD32.Slave";"0";"P\PremiereCD32";"1114112";"Premiere";"CD32";"";"";"";"";""
"NoError, ClearMem";"Premier Manager 3 ?1994 Gremlin";"1994 Gremlin";"whdload";"0";"Premier Manager 3 AGA";"PremierManager3AGA";"2341441";"P\PremierManager3AGA\PremierManager3AGA.Slave";"999424";"P\PremierManager3AGA";"860160";"PremierManager3";"AGA";"";"";"";"";""
"NoError, EmulTrap";"Primal Rage AGA, ?1995 Atari Corp / Time Warner";"1995 Atari Corporation/Time Warner Interactive";"whdload";"0";"Primal Rage (AGA)";"PrimalRageAGA";"3910532";"P\PrimalRageAGA\PrimalRageAGA.Slave";"0";"P\PrimalRageAGA";"2097152";"PrimalRage";"AGA";"";"";"";"";""
"NoError, NoKbd";"Project X (Special Edition) ? 1993 Team 17";"1993 Team 17";"whdload";"0";"Project X (Special Edition 93)";"ProjectXSECD32";"2315106";"P\ProjectXSECD32\ProjectXSECD32.slave";"655360";"P\ProjectXSECD32";"786432";"ProjectXSE";"CD32";"";"";"";"";""
"NoError, EmulTrap, Req68020, EmulPriv, Examine";"Pulsator (Demo) ? 1998 APC & TCP";"1998 APC & TCP / Fullspeed Creative Development.";"whdload";"0";"Pulsator (Demo)";"PulsatorDemoAGA";"3228035";"P\PulsatorDemoAGA\PulsatorDemoAGA.Slave";"2621440";"P\PulsatorDemoAGA";"2097152";"Pulsator";"AGA";"";"";"Demo";"";""
"Disk, NoError, EmulTrap";"Putty ? 1992 System 3";"";"whdload";"0";"";"PuttyCD32";"1902824";"P\PuttyCD32\PuttyCD32.Slave";"";"P\PuttyCD32";"1048576";"Putty";"CD32";"";"";"";"";""
"NoError, EmulTrap, Req68020, ReqAGA";"Putty Squad (c) 1994 System 3 - 2 disks. You can";"1994 System 3";"whdload";"0";"Putty Squad";"PuttySquadAGA";"1688583";"P\PuttySquadAGA\PuttySquadAGA.Slave";"0";"P\PuttySquadAGA";"2080768";"PuttySquad";"AGA";"";"";"";"";""
"NoError, EmulTrap, Req68020, ReqAGA";"Putty Squad Demo (c) 1994-2000 System 3 - 1 disk.";"1994-2000 System 3";"whdload";"0";"Putty Squad Demo";"PuttySquadDemoAGA";"929547";"P\PuttySquadDemoAGA\PuttySquadDemoAGA.Slave";"0";"P\PuttySquadDemoAGA";"2097152";"PuttySquad";"AGA";"";"";"Demo";"";""
"NoError, EmulTrap, Req68020, NoKbd, EmulPriv, Examine";"Quik The Thunder Rabbit ?1994 Stywos/Titus.";"1994 Titus/Stywos";"whdload";"0";"Quik The Thunder Rabbit (CD32)";"QuikThunderRabbitCD32";"7053881";"Q\QuikThunderRabbitCD32\QuikThunderRabbitCD32.Slave";"524288";"Q\QuikThunderRabbitCD32";"2097152";"QuikThunderRabbit";"CD32";"";"";"";"";""
"NoError, EmulTrap, NoKbd, ClearMem";"Quik The Thunder Rabbit ?1994 Stywos/Titus.";"1994 Titus/Stywos ";"whdload";"0";"Quik The Thunder Rabbit (AGA)";"QuikThunderRabbitAGA";"2683357";"Q\QuikThunderRabbitAGA\QuikThunderRabbitAGA.slave";"4096";"Q\QuikThunderRabbitAGA";"2097152";"QuikThunderRabbit";"AGA";"";"";"";"";""
"NoError";"Qwak (c) 1993 Team 17 - 1 disk/CD??.";"1993 Team 17";"whdload";"0";"Qwak CD³²";"QwakCD32";"760123";"Q\QwakCD32\QwakCD32.Slave";"475136";"Q\QwakCD32";"528384";"Qwak";"CD32";"";"";"";"";""
"NoError, ReqAGA, ClearMem";"Rally Championships ?1994 Flair";"1994 Flair";"whdload";"0";"Rally Championships AGA";"RallyChampionshipsAGA";"4808971";"R\RallyChampionshipsAGA\RallyChampionshipsAGA.Slave";"69632";"R\RallyChampionshipsAGA";"1933312";"RallyChampionships";"AGA";"";"";"";"";""
"NoError, Req68020, ReqAGA, ClearMem, Examine";"Reunion ?1994 Grandslam";"1994 Grandslam";"whdload";"0";"Reunion (AGA)";"ReunionAGA";"6691753";"R\ReunionAGA\ReunionAGA.slave";"659456";"R\ReunionAGA";"921600";"Reunion";"AGA";"";"";"";"";""
"NoError, Req68020, ReqAGA, ClearMem, Examine";"Reunion ?1994 Grandslam";"1994 Grandslam";"whdload";"0";"Reunion (AGA)";"ReunionAGADe";"7057589";"R\ReunionAGADe\ReunionAGADe.slave";"659456";"R\ReunionAGADe";"921600";"Reunion";"AGA";"De";"";"";"";""
"NoError, Req68020, EmulPriv, Examine";"";"1994 Mirage";"whdload";"0";"Rise Of The Robots CD³²";"RiseOfTheRobotsCD32";"14804215";"R\RiseOfTheRobotsCD32\RiseOfTheRobotsCD32.Slave";"1048576";"R\RiseOfTheRobotsCD32";"2093056";"RiseOfTheRobots";"CD32";"";"";"";"";""
"NoError, Req68020, EmulPriv, Examine";"";"1993 Mirage";"whdload";"0";"Rise Of The Robots";"RiseOfTheRobotsAGA";"13199819";"R\RiseOfTheRobotsAGA\RiseOfTheRobotsAGA.slave";"1048576";"R\RiseOfTheRobotsAGA";"1835008";"RiseOfTheRobots";"AGA";"";"";"";"";""
"NoError, Req68020, ReqAGA, EmulPriv, Examine";"RoadKill AGA/CD?? ? 1993/1994 Vision";"1993 Vision";"whdload";"0";"RoadKill AGA/CD³²";"RoadkillCD32";"31790021";"R\RoadkillCD32\RoadKillCD32.Slave";"1572864";"R\RoadkillCD32";"2093056";"Roadkill";"CD32";"";"";"";"";""
"NoError, Req68020, ReqAGA, EmulPriv, Examine";"RoadKill AGA/CD?? ? 1993/1994 Vision";"1993 Vision";"whdload";"0";"RoadKill AGA/CD³²";"RoadkillAGA";"2696568";"R\RoadkillAGA\RoadkillAGA.Slave";"1572864";"R\RoadkillAGA";"2093056";"Roadkill";"AGA";"";"";"";"";""
"NoError, Req68020, ReqAGA, EmulPriv, Examine";"RoadKill AGA/CD?? ? 1993/1994 Vision";"1993 Vision";"whdload";"0";"RoadKill AGA/CD³²";"RoadkillCD32NoIntro";"7556840";"R\RoadkillCD32NoIntro\RoadKillCD32NoIntro.Slave";"1572864";"R\RoadkillCD32NoIntro";"2093056";"Roadkill";"CD32";"";"";"";"NoIntro";""
"NoError, Req68020, ReqAGA, EmulPriv, ClearMem, Examine";"Robinson's Requiem ? Silmarils.";"Silmarils";"whdload";"0";"Robinson Requiem AGA";"RobinsonsRequiemAGA";"3510072";"R\RobinsonsRequiemAGA\RobinsonsRequiemAGA.Slave";"786432";"R\RobinsonsRequiemAGA";"1703936";"RobinsonsRequiem";"AGA";"";"";"";"";""
"NoError, EmulTrap, Req68020, EmulPriv, Examine";"Roketz ? 1994-96 The FARM.";"1994-96 The Farm";"whdload";"0";"Roketz";"RoketzAGA";"1512800";"R\RoketzAGA\RoketzAGA.Slave";"1572864";"R\RoketzAGA";"1572864";"Roketz";"AGA";"";"";"";"";""
"NoError, ReqAGA, EmulPriv, ClearMem, Examine";"Detroit ? 1994 Impressions";"1994 Impressions";"whdload";"0";"Detroit AGA";"RuesselsheimDeAGA";"1752871";"R\RuesselsheimDeAGA\RuesselsheimDeAGA.Slave";"1507328";"R\RuesselsheimDeAGA";"917504";"Ruesselsheim";"AGA";"De";"";"";"";""
"NoError, Req68020, EmulPriv, Examine";"Sabre Team ? 1992/1994 Krisalis Software Ltd.";"1992 Krisalis";"whdload";"0";"Sabre Team CD³²";"SabreTeamCD32";"6358694";"S\SabreTeamCD32\SabreTeamCD32.Slave";"655360";"S\SabreTeamCD32";"2093056";"SabreTeam";"CD32";"";"";"";"";""
"NoError, Req68020, EmulPriv, Examine";"Sabre Team ? 1992/1994 Krisalis Software Ltd.";"1992 Krisalis";"whdload";"0";"Sabre Team AGA";"SabreTeamAGA";"4898920";"S\SabreTeamAGA\SabreTeamAGA.Slave";"655360";"S\SabreTeamAGA";"2093056";"SabreTeam";"AGA";"";"";"";"";""
"Disk, NoError, EmulTrap";"";"1993 Vivid Image";"whdload";"0";"Second Samurai AGA";"SecondSamuraiAGA";"2264456";"S\SecondSamuraiAGA\SecondSamuraiAGA.slave";"0";"S\SecondSamuraiAGA";"2097152";"SecondSamurai";"AGA";"";"";"";"";""
"NoError, EmulTrap, ReqAGA";"Seek And Destroy (c) 1993 Vision/Mindscape - 4";"1993 Vision/Mindscape";"whdload";"0";"Seek and Destroy AGA";"Seek&DestroyAGA";"2966240";"S\Seek&DestroyAGA\Seek&DestroyAGA.Slave";"0";"S\Seek&DestroyAGA";"2097152";"Seek&Destroy";"AGA";"";"";"";"";""
"NoError, Req68020, ReqAGA, EmulPriv, Examine";"Tower Of Souls ? 1995 Black Legend.";"1995 Black Magic";"whdload";"0";"Tower Of Souls";"SeelenturmAGADe";"2895438";"S\SeelenturmAGADe\SeelenturmAGADe.Slave";"1572864";"S\SeelenturmAGADe";"2093056";"Seelenturm";"AGA";"De";"";"";"";""
"Disk, NoError, EmulTrap";"Sensible Soccer CD??, ?1994 Sensible Software";"1994 Sensible Software";"whdload";"0";"--<> Sensible Soccer CD³² <>--";"SensibleSoccerIntlEdCD32";"1271212";"S\SensibleSoccerIntlEdCD32\SensibleSoccerIntlEdCD32.Slave";"0";"S\SensibleSoccerIntlEdCD32";"2097152";"SensibleSoccerIntlEd";"CD32";"";"";"";"";""
"NoError, ReqAGA";"Shadow Fighter (c) 1994 N.A.P.S Team/Gremlin.";"1994 N.A.P.S. Team/Gremlin";"whdload";"0";"Shadow Fighter AGA";"ShadowFighterCD32";"3651772";"S\ShadowFighterCD32\ShadowFighterCD32.Slave";"4096";"S\ShadowFighterCD32";"2031616";"ShadowFighter";"CD32";"";"";"";"";""
"NoError, ReqAGA";"Shadow Fighter (c) 1994 N.A.P.S Team/Gremlin.";"1994 N.A.P.S. Team/Gremlin";"whdload";"0";"Shadow Fighter AGA";"ShadowFighterAGA";"3651771";"S\ShadowFighterAGA\ShadowFighterAGA.Slave";"4096";"S\ShadowFighterAGA";"2031616";"ShadowFighter";"AGA";"";"";"";"";""
"NoError, EmulTrap, ReqAGA";"Shaq-Fu by Ocean/Dome Development (c) 1994 - 6 disks.";"1994 Ocean";"whdload";"0";"Shaq Fu [AGA]";"ShaqFuAGA";"3708475";"S\ShaqFuAGA\ShaqFuAGA.slave";"1048576";"S\ShaqFuAGA";"1048576";"ShaqFu";"AGA";"";"";"";"";""
"NoError, Req68020, ReqAGA, EmulPriv, Examine";"Simon The Sorcerer ? 1993 Adventure Soft";"1993 Adventure Soft";"whdload";"0";"Simon The Sorcerer (AGA)";"SimonTheSorcererAGA";"6659294";"S\SimonTheSorcererAGA\SimonTheSorcererAGA.Slave";"1048576";"S\SimonTheSorcererAGA";"983040";"SimonTheSorcerer";"AGA";"";"";"";"";""
"NoError, Req68020, ReqAGA, EmulPriv, Examine";"Simon The Sorcerer ? 1993 Adventure Soft";"1993 Adventure Soft";"whdload";"0";"Simon The Sorcerer (AGA)";"SimonTheSorcererAGAFr";"6674068";"S\SimonTheSorcererAGAFr\SimonTheSorcererAGAFr.Slave";"1048576";"S\SimonTheSorcererAGAFr";"983040";"SimonTheSorcerer";"AGA";"Fr";"";"";"";""
"NoError, Req68020, ReqAGA, EmulPriv, Examine";"Simon The Sorcerer ? 1993 Adventure Soft";"1993 Adventure Soft";"whdload";"0";"Simon The Sorcerer (AGA)";"SimonTheSorcererAGADe";"6671120";"S\SimonTheSorcererAGADe\SimonTheSorcererAGADe.Slave";"1048576";"S\SimonTheSorcererAGADe";"983040";"SimonTheSorcerer";"AGA";"De";"";"";"";""
"NoError, ReqAGA, NoKbd";"Skeleton Krew AGA/CD?? ? 1995 Core Design.";"1995 Core Design";"whdload";"0";"Skeleton Krew CD³²";"SkeletonKrewCD32";"4520849";"S\SkeletonKrewCD32\SkeletonKrewCD32.slave";"0";"S\SkeletonKrewCD32";"2093056";"SkeletonKrew";"CD32";"";"";"";"";""
"NoError, NoKbd";"Skeleton Krew AGA/CD?? ? 1995 Core Design.";"1994 Core Design";"whdload";"0";"Skeleton Krew";"SkeletonKrewAGA";"2722613";"S\SkeletonKrewAGA\SkeletonKrewAGA.slave";"0";"S\SkeletonKrewAGA";"2097152";"SkeletonKrew";"AGA";"";"";"";"";""
"NoError, EmulPriv, Examine";"Skidmarks ? 1993 Acid Software.";"1992 Acid Software";"whdload";"0";"Skidmarks (AGA enhanced)";"SkidmarksAGA";"3075146";"S\SkidmarksAGA\SkidmarksAGA.slave";"2359296";"S\SkidmarksAGA";"1048576";"Skidmarks";"AGA";"";"";"";"";""
"NoError, Req68020, ReqAGA, ClearMem";"Slam Tilt ? 1994 21st Century Entertainment.";"1994 21st Century Entertainment";"whdload";"0";"Slam Tilt";"SlamTiltAGA";"3625332";"S\SlamTiltAGA\SlamTiltAGA.Slave";"790528";"S\SlamTiltAGA";"1568768";"SlamTilt";"AGA";"";"";"";"";""
"NoError, EmulTrap, Req68020, ReqAGA, ClearMem";"Slam Tilt demo ? 1996 21st Century";"1996 21st Century";"whdload";"0";"Slam Tilt -] demo [-";"SlamTiltDemoAGA";"899794";"S\SlamTiltDemoAGA\SlamTiltDemoAGA.Slave";"819200";"S\SlamTiltDemoAGA";"884736";"SlamTilt";"AGA";"";"";"Demo";"";""
"NoError, Req68020, ReqAGA, ClearMem";"Slam Tilt ? 1994 21st Century Entertainment.";"1994 21st Century Entertainment";"whdload";"0";"Slam Tilt";"SlamTiltAGA2MB";"3625271";"S\SlamTiltAGA2MB\SlamTiltAGA2MB.Slave";"4096";"S\SlamTiltAGA2MB";"1728512";"SlamTilt";"AGA";"";"2MB";"";"";""
"NoError, EmulTrap, ReqAGA";"Sleepwalker by Ocean (c) 1992.";"1993 Ocean";"whdload";"0";"Sleepwalker [AGA]";"SleepwalkerAGA";"3616016";"S\SleepwalkerAGA\SleepwalkerAGA.Slave";"0";"S\SleepwalkerAGA";"2097152";"Sleepwalker";"AGA";"";"";"";"";""
"NoError, EmulTrap, ReqAGA";"Sleepwalker by Ocean (c) 1992.";"1993 Ocean";"whdload";"0";"Sleepwalker [AGA]";"SleepwalkerAGAComicRelief";"3616027";"S\SleepwalkerAGAComicRelief\SleepwalkerAGAComicRelief.Slave";"0";"S\SleepwalkerAGAComicRelief";"2097152";"Sleepwalker";"AGA";"";"";"";"ComicRelief";""
"NoError, EmulTrap, EmulPriv, Examine";"Soccer Kid ? 1993-4 Krisalis";"1993-94 KRISALIS";"whdload";"0";"Soccer Kid Aga/CD32";"SoccerKidCD32";"5217433";"S\SoccerKidCD32\SoccerKidCD32.Slave";"1048576";"S\SoccerKidCD32";"2097152";"SoccerKid";"CD32";"";"";"";"";""
"NoError, EmulTrap, EmulPriv, Examine";"Soccer Kid ? 1993-4 Krisalis";"1993-94 KRISALIS";"whdload";"0";"Soccer Kid Aga/CD32";"SoccerKidAGA";"4060439";"S\SoccerKidAGA\SoccerKidAGA.Slave";"1048576";"S\SoccerKidAGA";"2097152";"SoccerKid";"AGA";"";"";"";"";""
"NoError, EmulTrap, ClearMem";"Soccer Superstars ? 1995 Flair.";"1995 Flair";"whdload";"0";"Soccer Superstars AGA";"SoccerSuperstarsAGA";"1563937";"S\SoccerSuperstarsAGA\SoccerSuperstarsAGA.Slave";"0";"S\SoccerSuperstarsAGA";"2097152";"SoccerSuperstars";"AGA";"";"";"";"";""
"NoError, Req68020, EmulPriv, Examine";"Speedball II CD?? ? 1993 Renegade.";"1994 Renegade";"whdload";"0";"Speedball 2 CD³²";"Speedball2CD32";"1381601";"S\Speedball2CD32\Speedball2CD32.Slave";"917504";"S\Speedball2CD32";"2093056";"Speedball2";"CD32";"";"";"";"";""
"NoError, EmulPriv, Examine";"The Speris Legacy floppy & CD?? ? 1996 Team 17";"1996 Binary Emotions";"whdload";"0";"The Speris Legacy";"SperisLegacyCD32";"4509776";"S\SperisLegacyCD32\SperisLegacyCD32.Slave";"1048576";"S\SperisLegacyCD32";"2093056";"SperisLegacy";"CD32";"";"";"";"";""
"NoError, EmulPriv, Examine";"The Speris Legacy floppy & CD?? ? 1996 Team 17";"1996 Binary Emotions";"whdload";"0";"The Speris Legacy";"SperisLegacyAGA";"3242349";"S\SperisLegacyAGA\SperisLegacyAGA.Slave";"1048576";"S\SperisLegacyAGA";"2093056";"SperisLegacy";"AGA";"";"";"";"";""
"NoError, NoDivZero, Req68020, ReqAGA, EmulPriv, Examine";"Star Crusader ? 1996 Human Soft/Gametek.";"1996 Human Soft/Gametek";"whdload";"0";"Star Crusader";"StarCrusaderAGA";"14762110";"S\StarCrusaderAGA\StarCrusaderAGA.Slave";"1179648";"S\StarCrusaderAGA";"1441792";"StarCrusader";"AGA";"";"";"";"";""
"NoError, Req68020, EmulPriv, Examine";"Star Trek 25th Anniversary ? 1994 Interplay";"1992 Interplay";"whdload";"0";"Star Trek: 25th Anniversary";"StarTrek25thAnnivAGA";"9099088";"S\StarTrek25thAnnivAGA\StarTrek25thAnnivAGA.Slave";"2097152";"S\StarTrek25thAnnivAGA";"1179648";"StarTrek25thAnniv";"AGA";"";"";"";"";""
"NoError, Req68020, EmulPriv, Examine";"Star Trek 25th Anniversary ? 1994 Interplay";"1992 Interplay";"whdload";"0";"Star Trek: 25th Anniversary";"StarTrek25thAnnivAGAFr";"9150986";"S\StarTrek25thAnnivAGAFr\StarTrek25thAnnivAGAFr.Slave";"2097152";"S\StarTrek25thAnnivAGAFr";"1179648";"StarTrek25thAnniv";"AGA";"Fr";"";"";"";""
"NoError, Req68020, EmulPriv, Examine";"Star Trek 25th Anniversary ? 1994 Interplay";"1992 Interplay";"whdload";"0";"Star Trek: 25th Anniversary";"StarTrek25thAnnivAGADe";"9120278";"S\StarTrek25thAnnivAGADe\StarTrek25thAnnivAGADe.Slave";"2097152";"S\StarTrek25thAnnivAGADe";"1179648";"StarTrek25thAnniv";"AGA";"De";"";"";"";""
"EmulTrap, NoDivZero, Req68020, ReqAGA, ClearMem";"";"1994 Epic";"whdload";"0";"Street Racer";"StreetRacerCD32";"744256";"S\StreetRacerCD32\StreetRacerCD32.slave";"0";"S\StreetRacerCD32";"2097152";"StreetRacer";"CD32";"";"";"";"";""
"NoError, Req68020, EmulPriv, Examine";"StripPot AGA/CD?? ? 1994 Pixel-Blue.";"1994 Pixel-Blue";"whdload";"0";"StripPot AGA/CD³²";"StripPotCD32";"3015406";"S\StripPotCD32\StripPotCD32.Slave";"1048576";"S\StripPotCD32";"2093056";"StripPot";"CD32";"";"";"";"";""
"NoError, Req68020, EmulPriv, Examine";"StripPot AGA/CD?? ? 1994 Pixel-Blue.";"1994 Pixel-Blue";"whdload";"0";"StripPot AGA/CD³²";"StripPotAGA";"1464021";"S\StripPotAGA\StripPotAGA.Slave";"1048576";"S\StripPotAGA";"2093056";"StripPot";"AGA";"";"";"";"";""
"NoError, Req68020, ReqAGA, EmulPriv, Examine";"Subwar 2050 floppy & CD?? ? 1994 Microprose.";"1993 Microprose";"whdload";"0";"Subwar 2050 AGA/CD³²";"Subwar2050CD32";"3952908";"S\Subwar2050CD32\Subwar2050CD32.slave";"1572864";"S\Subwar2050CD32";"2093056";"Subwar2050";"CD32";"";"";"";"";""
"NoError, Req68020, ReqAGA, EmulPriv, Examine";"Subwar 2050 floppy & CD?? ? 1994 Microprose.";"1993 Microprose";"whdload";"0";"Subwar 2050 AGA/CD³²";"Subwar2050AGA";"1563818";"S\Subwar2050AGA\Subwar2050AGA.slave";"1572864";"S\Subwar2050AGA";"2093056";"Subwar2050";"AGA";"";"";"";"";""
"NoError";"Superfrog (c) 1993/1994 Team 17 - 3 disks/CD32.";"1994 Team 17";"whdload";"0";"Superfrog Intro CD³²";"SuperfrogCD32";"3848800";"S\SuperfrogCD32\SuperfrogIntroCD32.Slave";"0";"S\SuperfrogCD32";"1179648";"Superfrog";"CD32";"";"";"";"";""
"NoError, NoKbd";"Superfrog (c) 1993/1994 Team 17 - 3 disks/CD32.";"1994 Team 17";"whdload";"0";"Superfrog CD³²";"SuperfrogCD32";"3848800";"S\SuperfrogCD32\SuperfrogCD32.Slave";"0";"S\SuperfrogCD32";"2031616";"Superfrog";"CD32";"";"";"";"";""
"NoError, EmulPriv";"Super Loopz (c) 1995 Audiogenic - 1 disk.";"1995 Audiogenic";"whdload";"0";"Super Loopz";"SuperLoopzAGA";"768760";"S\SuperLoopzAGA\SuperLoopzAGA.Slave";"786432";"S\SuperLoopzAGA";"1835008";"SuperLoopz";"AGA";"";"";"";"";""
"NoError, EmulTrap, ClearMem";"Super Methane Bros (c) 1993 Apache - 2 disks/CD32.";"1993 Apache";"whdload";"0";"Super Methane Bros CD³²";"SuperMethaneBrosCD32";"2187052";"S\SuperMethaneBrosCD32\SuperMethaneBrosCD32.Slave";"0";"S\SuperMethaneBrosCD32";"1900544";"SuperMethaneBros";"CD32";"";"";"";"";""
"NoError, EmulTrap, ClearMem";"Putty/Silly Putty/Super Putty ? 1992 System 3.";"1992 System 3";"whdload";"0";"Putty";"SuperPuttyCD32";"1907611";"S\SuperPuttyCD32\SuperPuttyCD32.Slave";"0";"S\SuperPuttyCD32";"1048576";"SuperPutty";"CD32";"";"";"";"";""
"NoError, Req68020, EmulPriv, Examine";"SkidMarks 2 / Super Skidmarks ? 1995 Acid Software";"1995 Acid Software";"whdload";"0";"SkidMarks 2 CD³²";"SuperSkidmarksCD32";"6491832";"S\SuperSkidmarksCD32\SuperSkidMarksCD32.Slave";"1048576";"S\SuperSkidmarksCD32";"2093056";"SuperSkidmarks";"CD32";"";"";"";"";""
"NoError, Req68020, ReqAGA, NoKbd, ClearMem";"Super Stardust ? 1994 Bloodhouse Ltd.";"1994 Bloodhouse LTD";"whdload";"0";"Super Stardust";"SuperStardustAGA";"4996971";"S\SuperStardustAGA\SuperStardustAGA.Slave";"4096";"S\SuperStardustAGA";"1822720";"SuperStardust";"AGA";"";"";"";"";""
"NoError, Req68020, ReqAGA, ClearMem";"Super Street Fighter II : The New Challengers";"1995 US Gold";"whdload";"0";"Super Street Fighter II: The New Challengers";"SuperStreetFighter2AGA";"4887377";"S\SuperStreetFighter2AGA\SuperStreetFighter2AGA.Slave";"4096";"S\SuperStreetFighter2AGA";"2097152";"SuperStreetFighter2";"AGA";"";"";"";"";""
"NoError, Req68020, ReqAGA, ClearMem";"Super Street Fighter II : The New Challengers";"1995 US Gold";"whdload";"0";"Super Street Fighter II: The New Challengers";"SuperStreetFighter2DXAGA";"4978723";"S\SuperStreetFighter2DXAGA\SuperStreetFighter2DXAGA.Slave";"4096";"S\SuperStreetFighter2DXAGA";"2097152";"SuperStreetFighter2DX";"AGA";"";"";"";"";""
"NoError, Req68020, ReqAGA, ClearMem";"Super Street Fighter II Turbo ? 1995 Gametek.";"1995 Gametek";"whdload";"0";"Super StreetFighter II Turbo";"SuprStrtFtr2TrboCD32";"13320381";"S\SuprStrtFtr2TrboCD32\SuprStrtFtr2TrboCD32.slave";"1048576";"S\SuprStrtFtr2TrboCD32";"1282048";"SuprStrtFtr2Trbo";"CD32";"";"";"";"";""
"NoError, ClearMem";"Super Street Fighter II Turbo ? 1995 Gametek.";"1995 Gametek";"whdload";"0";"Super StreetFighter II Turbo (Intro)";"SuprStrtFtr2TrboCD32";"13320381";"S\SuprStrtFtr2TrboCD32\SuprStrtFtr2TrboIntroCD32.slave";"2875392";"S\SuprStrtFtr2TrboCD32";"1310720";"SuprStrtFtr2Trbo";"CD32";"";"";"";"";""
"NoError, Req68020, ReqAGA, ClearMem";"Super Street Fighter II Turbo ? 1995 Gametek.";"1995 Gametek";"whdload";"0";"Super StreetFighter II Turbo";"SuprStrtFtr2TrboAGA";"13153485";"S\SuprStrtFtr2TrboAGA\SuprStrtFtr2TrboAGA.slave";"1048576";"S\SuprStrtFtr2TrboAGA";"1282048";"SuprStrtFtr2Trbo";"AGA";"";"";"";"";""
"NoError, ClearMem";"Super Street Fighter II Turbo ? 1995 Gametek.";"1995 Gametek";"whdload";"0";"Super StreetFighter II Turbo (Intro)";"SuprStrtFtr2TrboAGA";"13153485";"S\SuprStrtFtr2TrboAGA\SuprStrtFtr2TrboIntroAGA.slave";"2875392";"S\SuprStrtFtr2TrboAGA";"1310720";"SuprStrtFtr2Trbo";"AGA";"";"";"";"";""
"Disk, NoError, EmulTrap";"Surf Ninjas (c) 1994 Creative Edge (2 disk version).";"";"whdload";"0";"";"SurfNinjasAGA";"1925546";"S\SurfNinjasAGA\SurfNinjasAGA.slave";"";"S\SurfNinjasAGA";"2097152";"SurfNinjas";"AGA";"";"";"";"";""
"NoError, Req68020, EmulPriv, Examine";"Syndicate ? 1993/1994 Bullfrog";"1993 Bullfrog";"whdload";"0";"Syndicate CD³²";"SyndicateCD32";"2539358";"S\SyndicateCD32\SyndicateCD32.slave";"1048576";"S\SyndicateCD32";"1048576";"Syndicate";"CD32";"";"";"";"";""
"NoError, EmulTrap, NoDivZero, ClearMem";"The Teller/The Brain Blasters ? 1991 UbiSoft.";"1991 Ubi Soft";"whdload";"0";"The Teller/The Brain Blasters";"TellerFr";"477591";"T\TellerFr\TellerFr.Slave";"0";"T\TellerFr";"524288";"Teller";"OCS/ECS";"Fr";"";"";"";""
"NoError, Req68020, ReqAGA, EmulPriv, Examine";"Theme Park (AGA/ECS) ? 1991-1993 Bullfrog.";"1993 Bullfrog";"whdload";"0";"Theme Park AGA";"ThemeParkAGA";"3457463";"T\ThemeParkAGA\ThemeParkAGA.Slave";"1179648";"T\ThemeParkAGA";"2093056";"ThemePark";"AGA";"";"";"";"";""
"NoError, ReqAGA, NoKbd, ClearMem";"Thomas The Tank Engine's Pinball ? 1994 Spidersoft";"1994 Spidersoft";"whdload";"0";"Thomas The Tank Engine";"ThomasTankEngPinballCD32";"2280617";"T\ThomasTankEngPinballCD32\ThomasTankEngPinballCD32.Slave";"528384";"T\ThomasTankEngPinballCD32";"720896";"ThomasTankEngPinball";"CD32";"";"";"";"";""
"NoError, ReqAGA, NoKbd, ClearMem";"Thomas The Tank Engine's Pinball ? 1994 Spidersoft";"1994 Spidersoft";"whdload";"0";"Thomas The Tank Engine";"ThomasTankEngPinballAGA";"2280728";"T\ThomasTankEngPinballAGA\ThomasTankEngPinballAGA.Slave";"528384";"T\ThomasTankEngPinballAGA";"720896";"ThomasTankEngPinball";"AGA";"";"";"";"";""
"NoError, EmulTrap, NoKbd";"Tin Toy Adventure (c) 1996 Mutation Software - 2";"1996 Mutation Software";"whdload";"0";"Tin Toy Adventure";"TinToyAdventureAGA";"1359873";"T\TinToyAdventureAGA\TinToyAdventureAGA.Slave";"0";"T\TinToyAdventureAGA";"2031616";"TinToyAdventure";"AGA";"";"";"";"";""
"NoError, Req68020, EmulPriv, ClearMem, Examine";"Top Gear 2 ? 1994 Gremlin Interactive";"1994 Gremlin Interactive";"whdload";"0";"Top Gear 2 AGA/CD32";"TopGear2CD32";"1134173";"T\TopGear2CD32\TopGear2CD32.Slave";"524288";"T\TopGear2CD32";"2097152";"TopGear2";"CD32";"";"";"";"";""
"NoError, Req68020, EmulPriv, ClearMem, Examine";"Top Gear 2 ? 1994 Gremlin Interactive";"1994 Gremlin Interactive";"whdload";"0";"Top Gear 2 AGA/CD32";"TopGear2AGA";"1541672";"T\TopGear2AGA\TopGear2AGA.Slave";"524288";"T\TopGear2AGA";"2097152";"TopGear2";"AGA";"";"";"";"";""
"NoError, Req68020, EmulPriv, Examine";"Tornado AGA/ECS ? 1994 Digital Integration.";"1994 Digital Integration";"whdload";"0";"Tornado AGA";"TornadoAGA";"5729669";"T\TornadoAGA\TornadoAGA.slave";"1572864";"T\TornadoAGA";"2088960";"Tornado";"AGA";"";"";"";"";""
"Disk, NoError, Req68020, ReqAGA";"Total Carnage ? 1994 ICE.";"1994 ICE";"whdload";"0";"Total Carnage AGA";"TotalCarnageAGA";"2047879";"T\TotalCarnageAGA\TotalCarnageAGA.Slave";"0";"T\TotalCarnageAGA";"2097152";"TotalCarnage";"AGA";"";"";"";"";""
"NoError, Req68020, ReqAGA, EmulPriv, Examine";"Tower Of Souls ? 1995 Black Legend.";"1995 Black Magic";"whdload";"0";"Tower Of Souls";"TowerOfSoulsAGA";"2898398";"T\TowerOfSoulsAGA\TowerOfSoulsAGA.Slave";"1572864";"T\TowerOfSoulsAGA";"2093056";"TowerOfSouls";"AGA";"";"";"";"";""
"NoError, ReqAGA, EmulPriv, ClearMem, Examine";"Transarctica ? 1993 Silmarils.";"1993 Silmarils";"whdload";"0";"Transarctica Aga";"TransarcticaAGA";"2318971";"T\TransarcticaAGA\TransarcticaAGA.Slave";"524288";"T\TransarcticaAGA";"1572864";"Transarctica";"AGA";"";"";"";"";""
"NoError, EmulTrap, NoKbd";"Treasure Island Dizzy (c) 1989 Codemasters - 1 disk.";"1989 Codemasters";"whdload";"0";"Treasure Island Dizzy";"TreasureIslandDizzyCD32";"181696";"T\TreasureIslandDizzyCD32\TreasureIslandDizzyCD32.slave";"0";"T\TreasureIslandDizzyCD32";"524288";"TreasureIslandDizzy";"CD32";"";"";"";"";""
"NoError, EmulTrap, Req68020, ReqAGA";"";"1993 Flair";"whdload";"0";"Trolls CD";"TrollsCD32";"3644961";"T\TrollsCD32\TrollsCD32.Slave";"0";"T\TrollsCD32";"2097152";"Trolls";"CD32";"";"";"";"";""
"Disk, NoError, EmulTrap";"";"Flair Software";"whdload";"0";"Trolls";"TrollsAGA";"1831642";"T\TrollsAGA\TrollsAGA.Slave";"0";"T\TrollsAGA";"2097152";"Trolls";"AGA";"";"";"";"";""
"NoError, EmulTrap, Req68020, EmulPriv, Examine";"Tube Warriors ? 1994 Dynabyte.";"1994 Dynabyte.";"whdload";"0";"Tube Warriors";"TubeWarriorsAGA";"2286432";"T\TubeWarriorsAGA\TubeWarriorsAGA.Slave";"1048576";"T\TubeWarriorsAGA";"2097152";"TubeWarriors";"AGA";"";"";"";"";""
"NoError, Req68020, ReqAGA, ClearMem";"Tubular Worlds ? 1994 Dongleware";"1994 Dongleware";"whdload";"0";"Tubular Worlds (AGA)";"TubularWorldsAGA";"4672842";"T\TubularWorldsAGA\TubularWorldsAGA.Slave";"380928";"T\TubularWorldsAGA";"1310720";"TubularWorlds";"AGA";"";"";"";"";""
"NoError, Req68020, ReqAGA, ClearMem";"T-Zer0 demo ? 1999 clickBOOM";"1999 clickBOOM";"whdload";"0";"T-Zer0 Demo";"TZer0DemoAGA";"29358361";"T\TZer0DemoAGA\TZer0DemoAGA.Slave";"3145728";"T\TZer0DemoAGA";"1851392";"TZer0";"AGA";"";"";"Demo";"";""
"NoError, Req68020, ReqAGA, ClearMem";"T-Zer0 demo ? 1999 clickBOOM";"1999 clickBOOM";"whdload";"0";"T-Zer0 Demo";"TZer0DemoNoMovieAGA";"11015974";"T\TZer0DemoNoMovieAGA\TZer0DemoNoMovieAGA.Slave";"3145728";"T\TZer0DemoNoMovieAGA";"1851392";"TZer0DemoNoMovie";"AGA";"";"";"";"";""
"NoError, EmulTrap, EmulPriv, Examine";"UFO Enemy Unknow (c) Microprose.";"Microprose";"whdload";"0";"UFO AGA/CD32 ";"UFOEnemyUnknownCD32";"5559635";"U\UFOEnemyUnknownCD32\UFOEnemyUnknownCD32.slave";"1572864";"U\UFOEnemyUnknownCD32";"2031616";"UFOEnemyUnknown";"CD32";"";"";"";"";""
"NoError, EmulTrap, EmulPriv, Examine";"UFO Enemy Unknow (c) Microprose.";"Microprose";"whdload";"0";"UFO AGA/CD32 ";"UFOEnemyUnknownAGA";"3323932";"U\UFOEnemyUnknownAGA\UFOEnemyUnknownAGA.slave";"1572864";"U\UFOEnemyUnknownAGA";"2031616";"UFOEnemyUnknown";"AGA";"";"";"";"";""
"NoError, ReqAGA, EmulPriv, Examine";"Ultimate Body Blows CD?? ? 1994 Team 17";"1994 Team 17";"whdload";"0";"Ultimate Body Blows CD³²";"UltimateBodyBlowsCD32";"15035595";"U\UltimateBodyBlowsCD32\UltimateBodyBlowsCD32.slave";"1048576";"U\UltimateBodyBlowsCD32";"1572864";"UltimateBodyBlows";"CD32";"";"";"";"";""
"NoError, ClearMem";"";"1993 Core Design";"whdload";"0";"Universe (CD32)";"UniverseCD32";"4406172";"U\UniverseCD32\UniverseCD32.Slave";"4096";"U\UniverseCD32";"2031616";"Universe";"CD32";"";"";"";"";""
"NoError, Req68020, EmulPriv, Examine";"Defender Of The Crown 2 CDTV/CD??,";"1993 Commodore Electronics";"whdload";"0";"Defender Of The Crown 2 CD³²/CDTV";"VerteidigerKrone2CD32De";"12025661";"V\VerteidigerKrone2CD32De\VerteidigerKrone2CD32De.slave";"1048576";"V\VerteidigerKrone2CD32De";"1048576";"VerteidigerKrone2";"CD32";"De";"";"";"";""
"NoError, Req68020, NoKbd, EmulPriv, ClearMem, Examine";"ViroCop (AGA) ? 1995 Graftgold.";"1992 Graftgold";"whdload";"0";"Virocop AGA";"VirocopAGA";"2705226";"V\VirocopAGA\VirocopAGA.slave";"524288";"V\VirocopAGA";"2093056";"Virocop";"AGA";"";"";"";"";""
"NoError, Req68020, ReqAGA, ClearMem";"Virtual Karting ? 1995 OTM";"1995 OTM";"whdload";"0";"Virtual Karting";"VirtualKartingAGA";"1788260";"V\VirtualKartingAGA\VirtualKartingAGA.Slave";"974848";"V\VirtualKartingAGA";"901120";"VirtualKarting";"AGA";"";"";"";"";""
"NoError, Req68020, ReqAGA, ClearMem";"Virtual Karting demo ? 1995 OTM";"1995 OTM";"whdload";"0";"Virtual Karting demo";"VirtualKartingDemoAGA";"887158";"V\VirtualKartingDemoAGA\VirtualKartingDemoAGA.Slave";"966656";"V\VirtualKartingDemoAGA";"901120";"VirtualKarting";"AGA";"";"";"Demo";"";""
"NoError, NoDivZero, Req68020, ReqAGA, ClearMem";"Virtual Karting 2 ? 1998 Islona";"1998 Islona";"whdload";"0";"Virtual Karting 2";"VirtualKarting2AGA";"2461684";"V\VirtualKarting2AGA\VirtualKarting2AGA.slave";"1105920";"V\VirtualKarting2AGA";"847872";"VirtualKarting2";"AGA";"";"";"";"";""
"NoError, NoDivZero, Req68020, ReqAGA, ClearMem";"Virtual Karting 2 ? 1998 Islona";"1998 Islona";"whdload";"0";"Virtual Karting 2";"VirtualKarting2AGACD";"2457404";"V\VirtualKarting2AGACD\VirtualKarting2AGACD.slave";"1105920";"V\VirtualKarting2AGACD";"847872";"VirtualKarting2";"CD,AGA";"";"";"";"";""
"NoError, NoDivZero, Req68020, ReqAGA, ClearMem";"Virtual Karting 2 demo ? 1998 Fabio Bizzetti";"1998 Fabio Bizzetti";"whdload";"0";"Virtual Karting 2 demo";"VirtualKarting2DemoAGA";"1262296";"V\VirtualKarting2DemoAGA\VirtualKarting2DemoAGA.Slave";"1081344";"V\VirtualKarting2DemoAGA";"851968";"VirtualKarting2";"AGA";"";"";"Demo";"";""
"NoError, Req68020, EmulPriv, Examine";"WatchTower ? 1996 OTM/Cyberarts.";"1996 OTM/Cyberarts";"whdload";"0";"WatchTower";"WatchtowerAGA";"2516390";"W\WatchtowerAGA\WatchtowerAGA.Slave";"1048576";"W\WatchtowerAGA";"2093056";"Watchtower";"AGA";"";"";"";"";""
"NoError, EmulTrap, ReqAGA";"Wembley International Soccer ? 1994/1996 Audiogenic.";"1994 Audiogenic";"whdload";"0";"Wembley International Soccer AGA";"WembleyIntSoccerAGA";"1260097";"W\WembleyIntSoccerAGA\WembleyIntSoccerAGA.Slave";"0";"W\WembleyIntSoccerAGA";"2097152";"WembleyIntSoccer";"AGA";"";"";"";"";""
"NoError, ReqAGA";"Whizz by Flair (c) 1995 - 2 disks.";"1993 Flair";"whdload";"0";"Whizz AGA";"WhizzAGA";"1813776";"W\WhizzAGA\WhizzAGA.slave";"0";"W\WhizzAGA";"2097152";"Whizz";"AGA";"";"";"";"";""
"NoError, Req68020, ReqAGA, EmulPriv, ClearMem, Examine";"Wing Commander ? 1994 Origin";"1994 Origin";"whdload";"0";"Wing Commander CD32";"WingCommanderCD32";"4186120";"W\WingCommanderCD32\WingCommanderCD32.Slave";"1441792";"W\WingCommanderCD32";"655360";"WingCommander";"CD32";"";"";"";"";""
"NoError, EmulPriv, Examine";"Worms ? 1992 Team 17";"1992 Team 17";"whdload";"0";"Worms (1MB Chip)";"WormsCD321MB";"1626569";"W\WormsCD321MB\WormsCD321MB.Slave";"786432";"W\WormsCD321MB";"1048576";"Worms";"CD32";"";"1MB";"";"";""
"NoError, EmulPriv, Examine";"Worms ? 1992 Team 17";"1992 Team 17";"whdload";"0";"Worms (2MB Chip)";"WormsCD322MB";"3142276";"W\WormsCD322MB\WormsCD322MB.Slave";"786432";"W\WormsCD322MB";"2097152";"Worms";"CD32";"";"2MB";"";"";""
"NoError, Req68020, ReqAGA, EmulPriv, ClearMem, Examine";"Worms - The Director's Cut ? 1997 Team 17";"1997 Team 17";"whdload";"0";"Worms - The Director";"WormsDirectorsCutAGA";"2231208";"W\WormsDirectorsCutAGA\WormsDirectorsCutAGA.Slave";"2097152";"W\WormsDirectorsCutAGA";"2031616";"WormsDirectorsCut";"AGA";"";"";"";"";""
"NoError, ReqAGA, EmulPriv, Examine";"XP8 (ECS/AGA) ? 1996 Weathermine software.";"1996 Weathermine Software";"whdload";"0";"XP8 AGA";"XP8AGA";"3039184";"X\XP8AGA\XP8AGA.slave";"1048576";"X\XP8AGA";"2093056";"XP8";"AGA";"";"";"";"";""
"NoError, Req68020, ReqAGA, ClearMem, Examine";"XTreme Racing ? 1995 Black Magic";"1995 Black Magic";"whdload";"0";"XTreme Racing";"XTremeRacingAGA";"2553888";"X\XTremeRacingAGA\XTremeRacingAGA.slave";"1609728";"X\XTremeRacingAGA";"2031616";"XTremeRacing";"AGA";"";"";"";"";""
"NoError, Req68020, ReqAGA, ClearMem, Examine";"XTreme Racing ? 1995 Black Magic";"1995 Black Magic";"whdload";"0";"XTreme Racing";"XTremeRacing&DataDisksAGA";"3626361";"X\XTremeRacing&DataDisksAGA\XTremeRacing&DataDisksAGA.slave";"1609728";"X\XTremeRacing&DataDisksAGA";"2031616";"XTremeRacings";"AGA";"";"";"";"";"DataDisk"
"NoError, EmulTrap, Req68020, ReqAGA, EmulPriv, ClearMem, Examine";"Zombie Apocalypse II ? 1994 Vision Software";"1994 Vision Software";"whdload";"0";"Zombie Apocalypse II";"ZombieApocalypse2AGA";"789054";"Z\ZombieApocalypse2AGA\ZombieApocalypse2AGA.Slave";"786432";"Z\ZombieApocalypse2AGA";"1179648";"ZombieApocalypse2";"AGA";"";"";"";"";""
"NoError, EmulTrap, NoDivZero, ClearMem";"";"1992 Gremlin Graphics";"whdload";"0";"Zool CD³²";"ZoolCD32";"10493860";"Z\ZoolCD32\ZoolCD32.slave";"0";"Z\ZoolCD32";"2097152";"Zool";"CD32";"";"";"";"";""
"Disk, NoError, ReqAGA";"";"1992 Gremlin Graphics";"whdload";"0";"Zool (AGA)";"ZoolAGA";"1953098";"Z\ZoolAGA\ZoolAGA.slave";"0";"Z\ZoolAGA";"1048576";"Zool";"AGA";"";"";"";"";""
"NoError, EmulTrap, ReqAGA, ClearMem";"Zool 2 (c) 1993 Gremlin - 2 disks. Thanks to";"1993 Gremlin";"whdload";"0";"Zool 2 AGA";"Zool2AGA";"1447753";"Z\Zool2AGA\Zool2AGA.Slave";"0";"Z\Zool2AGA";"1638400";"Zool2";"AGA";"";"";"";"";""
